-0.1052,-0.0928,-0.1032,-0.1324,-0.112,-0.1344,-0.11,-0.1312,-0.164,-0.1516,-0.1468,-0.1364,-0.1392,-0.1528,-0.1656,-0.1648,-0.1604,-0.178,-0.2096,-0.2064,-0.2176,-0.2128,-0.23,-0.2136,-0.2476,-0.2764,-0.2604,-0.292,-0.3224,-0.29,-0.3368,-0.3192,-0.3652,-0.3684,-0.3564,-0.3756,-0.3988,-0.4264,-0.4524,-0.466,-0.4912,-0.5116,-0.5528,-0.5672,-0.5828,-0.6144,-0.6348,-0.644,-0.716,-0.7508,-0.7656,-0.8296,-0.8828,-0.91,-0.9896,-1.0264,-1.0984,-1.158,-1.2216,-1.2984,-1.3816,-1.4792,-1.5072,-1.5716,-1.6432,-1.6712,-1.7396,-1.7392,-1.7796,-1.8052,-1.8264,-1.8528,-1.854,-1.8644,-1.8824,-1.8972,-1.9028,-1.912,-1.9104,-1.9152,-1.9184,-1.922,-1.9224,-1.9248,-1.9312,-1.9296,-1.9308,-1.9328,-1.9336,-1.9352,-1.936,-1.9364,-1.9376,-1.9368,-1.938,-1.9388,-1.9388,-1.94,-1.9408,-1.9404
-0.0772,-0.1048,-0.1144,-0.098,-0.1228,-0.136,-0.0956,-0.1492,-0.1508,-0.1504,-0.1472,-0.1592,-0.172,-0.1768,-0.1688,-0.1912,-0.192,-0.2044,-0.2136,-0.2016,-0.242,-0.2124,-0.254,-0.2292,-0.2264,-0.2444,-0.2692,-0.2864,-0.2924,-0.3016,-0.3288,-0.31,-0.3088,-0.3528,-0.3728,-0.38,-0.3984,-0.414,-0.4468,-0.4364,-0.4816,-0.512,-0.5232,-0.5632,-0.5876,-0.6172,-0.674,-0.6556,-0.674,-0.6968,-0.7352,-0.8128,-0.8332,-0.9332,-1.004,-1.0444,-1.09,-1.18,-1.2876,-1.3108,-1.3812,-1.4672,-1.5436,-1.6072,-1.6444,-1.6788,-1.7424,-1.7728,-1.8076,-1.8204,-1.82,-1.8396,-1.8652,-1.8688,-1.8788,-1.8912,-1.8816,-1.8976,-1.9052,-1.9068,-1.906,-1.9132,-1.918,-1.9228,-1.9256,-1.9304,-1.9336,-1.9384,-1.9412,-1.9428,-1.9448,-1.9448,-1.9456,-1.9456,-1.9476,-1.9472,-1.9476,-1.948,-1.9484,-1.9488
-0.1084,-0.1152,-0.0808,-0.1072,-0.112,-0.1272,-0.1108,-0.1272,-0.12,-0.1284,-0.166,-0.164,-0.1668,-0.1504,-0.176,-0.17,-0.184,-0.192,-0.2048,-0.2392,-0.2052,-0.2388,-0.2444,-0.234,-0.2576,-0.2476,-0.2596,-0.2696,-0.3324,-0.2964,-0.3136,-0.3328,-0.34,-0.3612,-0.3704,-0.3796,-0.3944,-0.4464,-0.432,-0.4612,-0.4836,-0.5108,-0.5352,-0.6008,-0.5912,-0.5976,-0.646,-0.6508,-0.7184,-0.7348,-0.8016,-0.7936,-0.8956,-0.8988,-0.9872,-1.0388,-1.0868,-1.1636,-1.2568,-1.2996,-1.4084,-1.436,-1.5316,-1.5876,-1.6436,-1.6776,-1.6944,-1.7548,-1.7712,-1.7948,-1.8176,-1.8328,-1.8668,-1.872,-1.8816,-1.894,-1.8948,-1.8988,-1.9076,-1.91,-1.9148,-1.9184,-1.9208,-1.9296,-1.9308,-1.9308,-1.9336,-1.9332,-1.9344,-1.9352,-1.9352,-1.9364,-1.9368,-1.9368,-1.9372,-1.9376,-1.9376,-1.938,-1.9388,-1.9392
-0.088,-0.1036,-0.092,-0.1052,-0.1192,-0.118,-0.1336,-0.1648,-0.146,-0.142,-0.1552,-0.1444,-0.1424,-0.154,-0.1636,-0.1664,-0.1884,-0.1988,-0.188,-0.214,-0.2244,-0.2224,-0.2472,-0.2508,-0.2624,-0.27,-0.2552,-0.2784,-0.2984,-0.3228,-0.2908,-0.3056,-0.3292,-0.362,-0.3796,-0.4016,-0.4228,-0.4112,-0.4328,-0.452,-0.4748,-0.4616,-0.5364,-0.5716,-0.5968,-0.5756,-0.6432,-0.6584,-0.708,-0.7756,-0.7564,-0.8192,-0.8908,-0.9076,-0.9512,-1.0292,-1.1224,-1.184,-1.264,-1.3744,-1.3956,-1.4648,-1.5456,-1.5972,-1.6508,-1.7,-1.7416,-1.754,-1.7932,-1.8012,-1.8336,-1.8456,-1.8564,-1.8672,-1.8764,-1.8808,-1.894,-1.8992,-1.9076,-1.9088,-1.9156,-1.9212,-1.9232,-1.9284,-1.928,-1.9296,-1.9328,-1.9336,-1.9348,-1.9392,-1.9404,-1.9404,-1.9408,-1.942,-1.944,-1.9448,-1.9456,-1.9472,-1.9488,-1.9492
-0.1092,-0.1064,-0.1152,-0.118,-0.0872,-0.1228,-0.176,-0.1372,-0.138,-0.1248,-0.1492,-0.1644,-0.1388,-0.1604,-0.1596,-0.188,-0.1744,-0.2248,-0.2176,-0.1952,-0.2148,-0.2048,-0.2192,-0.2136,-0.2504,-0.288,-0.258,-0.272,-0.276,-0.3112,-0.3412,-0.304,-0.3428,-0.3672,-0.3604,-0.4088,-0.3972,-0.4428,-0.4476,-0.4704,-0.4984,-0.5104,-0.544,-0.5352,-0.5568,-0.5868,-0.6392,-0.6708,-0.6872,-0.7372,-0.8116,-0.796,-0.8852,-0.9088,-1.0016,-1.0316,-1.09,-1.186,-1.25,-1.2904,-1.392,-1.4512,-1.498,-1.5584,-1.6104,-1.666,-1.7188,-1.7388,-1.7812,-1.8096,-1.83,-1.8408,-1.864,-1.8744,-1.8696,-1.8876,-1.898,-1.9028,-1.9104,-1.9148,-1.924,-1.928,-1.9336,-1.9332,-1.9364,-1.938,-1.944,-1.9432,-1.9448,-1.946,-1.9464,-1.9464,-1.9472,-1.9492,-1.9512,-1.9512,-1.952,-1.9524,-1.9524,-1.9524
-0.1016,-0.0804,-0.0688,-0.1124,-0.1128,-0.1168,-0.1376,-0.138,-0.15,-0.1552,-0.1936,-0.1564,-0.1568,-0.1496,-0.166,-0.1656,-0.178,-0.1936,-0.172,-0.2188,-0.2208,-0.2196,-0.2232,-0.2468,-0.2496,-0.2592,-0.2664,-0.2832,-0.2804,-0.3304,-0.332,-0.3348,-0.346,-0.3588,-0.3712,-0.3944,-0.3996,-0.412,-0.4428,-0.4932,-0.4852,-0.5172,-0.5228,-0.5792,-0.564,-0.6556,-0.6392,-0.672,-0.6988,-0.7428,-0.7648,-0.8464,-0.8716,-0.9304,-0.9908,-1.0452,-1.102,-1.2052,-1.2308,-1.2916,-1.374,-1.4168,-1.5452,-1.6208,-1.6628,-1.7352,-1.7364,-1.7692,-1.8248,-1.84,-1.8384,-1.8596,-1.8812,-1.8784,-1.8868,-1.8968,-1.9,-1.9036,-1.912,-1.9184,-1.9228,-1.9196,-1.9272,-1.928,-1.93,-1.93,-1.9324,-1.9348,-1.936,-1.9352,-1.9364,-1.938,-1.9392,-1.9392,-1.9408,-1.9412,-1.9424,-1.942,-1.9428,-1.944
-0.092,-0.1052,-0.1124,-0.0832,-0.122,-0.1148,-0.14,-0.152,-0.1276,-0.1532,-0.1136,-0.152,-0.1424,-0.1676,-0.1836,-0.1952,-0.1884,-0.222,-0.1908,-0.2072,-0.2232,-0.21,-0.2224,-0.2388,-0.25,-0.266,-0.2864,-0.2912,-0.3064,-0.3152,-0.3324,-0.334,-0.3396,-0.3408,-0.3512,-0.3828,-0.4048,-0.4304,-0.4368,-0.4272,-0.4756,-0.5132,-0.5016,-0.552,-0.5808,-0.602,-0.5984,-0.652,-0.6796,-0.7508,-0.7564,-0.8192,-0.8644,-0.8856,-0.9772,-1.0204,-1.0836,-1.1716,-1.2588,-1.272,-1.3868,-1.4572,-1.504,-1.5972,-1.6168,-1.6724,-1.692,-1.7448,-1.7792,-1.8088,-1.8332,-1.8396,-1.8488,-1.8728,-1.8728,-1.8788,-1.8932,-1.8964,-1.898,-1.8964,-1.91,-1.9076,-1.9092,-1.9112,-1.912,-1.918,-1.9188,-1.9188,-1.9208,-1.9216,-1.9228,-1.924,-1.9248,-1.9252,-1.9264,-1.9264,-1.9276,-1.9272,-1.928,-1.9288
-0.0928,-0.084,-0.1196,-0.0796,-0.1128,-0.1052,-0.1152,-0.1484,-0.1224,-0.158,-0.1524,-0.1388,-0.1576,-0.1588,-0.1588,-0.1728,-0.1896,-0.1704,-0.194,-0.2076,-0.2256,-0.1988,-0.2288,-0.234,-0.2864,-0.2544,-0.2584,-0.2552,-0.2528,-0.3108,-0.2948,-0.3272,-0.35,-0.3548,-0.3848,-0.3644,-0.41,-0.4388,-0.4556,-0.464,-0.4628,-0.4892,-0.5388,-0.5456,-0.5692,-0.6112,-0.656,-0.6636,-0.71,-0.728,-0.7992,-0.8332,-0.8496,-0.9172,-0.9636,-0.9988,-1.0896,-1.1592,-1.2536,-1.3388,-1.3936,-1.48,-1.5652,-1.5892,-1.6384,-1.6776,-1.7296,-1.728,-1.7728,-1.8104,-1.82,-1.834,-1.8556,-1.8616,-1.862,-1.8828,-1.8872,-1.8952,-1.9032,-1.906,-1.9116,-1.9196,-1.924,-1.9252,-1.9296,-1.9276,-1.9288,-1.9312,-1.9312,-1.934,-1.9352,-1.9356,-1.9356,-1.938,-1.94,-1.9404,-1.9416,-1.9424,-1.9424,-1.9432
-0.0844,-0.1168,-0.1004,-0.1,-0.11,-0.1188,-0.1344,-0.1196,-0.13,-0.108,-0.1656,-0.1436,-0.1632,-0.178,-0.1616,-0.1632,-0.1828,-0.1736,-0.2408,-0.1832,-0.1744,-0.2068,-0.244,-0.2356,-0.2508,-0.26,-0.2772,-0.2936,-0.2936,-0.3268,-0.2984,-0.3052,-0.3372,-0.3604,-0.3988,-0.3884,-0.4136,-0.4216,-0.4412,-0.468,-0.4988,-0.4932,-0.5068,-0.5488,-0.5712,-0.6172,-0.6496,-0.6984,-0.6728,-0.7124,-0.776,-0.8552,-0.8224,-0.9276,-0.9792,-1.0516,-1.0936,-1.1176,-1.2232,-1.2876,-1.3732,-1.444,-1.5384,-1.5996,-1.638,-1.6648,-1.7116,-1.748,-1.7836,-1.7908,-1.8144,-1.8352,-1.852,-1.8596,-1.8704,-1.8804,-1.8828,-1.8948,-1.8972,-1.9048,-1.9088,-1.9128,-1.9144,-1.9164,-1.9212,-1.922,-1.9248,-1.928,-1.9304,-1.9328,-1.9332,-1.9336,-1.9356,-1.9376,-1.9372,-1.94,-1.9396,-1.9432,-1.944,-1.9452
-0.1028,-0.1012,-0.1056,-0.0816,-0.114,-0.1292,-0.1224,-0.1468,-0.1284,-0.1256,-0.17,-0.14,-0.1788,-0.1856,-0.1796,-0.1744,-0.196,-0.1756,-0.2136,-0.2172,-0.2224,-0.24,-0.2228,-0.2504,-0.2404,-0.2704,-0.2756,-0.2924,-0.3044,-0.2884,-0.3156,-0.3284,-0.3348,-0.3424,-0.3556,-0.4096,-0.4024,-0.4436,-0.4304,-0.4408,-0.4876,-0.5004,-0.5236,-0.5468,-0.592,-0.5996,-0.6356,-0.688,-0.7048,-0.7416,-0.7812,-0.8128,-0.9168,-0.9408,-0.9848,-1.0336,-1.0952,-1.1968,-1.2304,-1.3432,-1.4196,-1.482,-1.5232,-1.5976,-1.666,-1.6916,-1.7372,-1.7592,-1.7848,-1.8096,-1.8172,-1.8396,-1.8552,-1.8628,-1.8744,-1.878,-1.8908,-1.8956,-1.896,-1.9012,-1.9032,-1.91,-1.91,-1.9136,-1.9148,-1.9184,-1.9176,-1.9168,-1.9212,-1.9216,-1.922,-1.9236,-1.924,-1.9248,-1.9256,-1.9256,-1.9256,-1.9256,-1.9264,-1.9264
-0.1312,-0.1,-0.0956,-0.1004,-0.1164,-0.1172,-0.13,-0.1144,-0.114,-0.1452,-0.1332,-0.1456,-0.172,-0.1808,-0.1648,-0.1664,-0.1764,-0.1868,-0.2128,-0.2104,-0.218,-0.21,-0.2352,-0.2604,-0.2356,-0.2356,-0.2744,-0.2568,-0.2772,-0.294,-0.3084,-0.304,-0.3444,-0.3664,-0.4176,-0.4196,-0.4312,-0.4352,-0.4312,-0.4472,-0.4624,-0.5152,-0.4984,-0.5484,-0.5744,-0.6028,-0.6528,-0.6776,-0.6968,-0.7652,-0.7536,-0.8232,-0.8512,-0.9456,-0.998,-1.022,-1.068,-1.166,-1.2648,-1.298,-1.3792,-1.4184,-1.5228,-1.6276,-1.6764,-1.6968,-1.724,-1.7508,-1.7828,-1.7948,-1.8236,-1.8416,-1.854,-1.8772,-1.8784,-1.8904,-1.8992,-1.9104,-1.9124,-1.9132,-1.914,-1.9244,-1.9288,-1.9308,-1.934,-1.934,-1.9376,-1.9456,-1.9472,-1.9484,-1.9488,-1.9488,-1.95,-1.9512,-1.9508,-1.9504,-1.9532,-1.9532,-1.954,-1.9544
-0.114,-0.1036,-0.0912,-0.114,-0.1172,-0.1232,-0.1288,-0.138,-0.1468,-0.1536,-0.1388,-0.152,-0.172,-0.1516,-0.1936,-0.144,-0.1704,-0.1852,-0.1952,-0.2032,-0.2156,-0.2244,-0.2352,-0.2196,-0.2296,-0.2596,-0.2692,-0.2788,-0.2796,-0.2944,-0.2892,-0.3324,-0.3256,-0.3632,-0.3696,-0.406,-0.4324,-0.4196,-0.4616,-0.48,-0.4652,-0.4808,-0.5416,-0.5972,-0.5696,-0.6148,-0.632,-0.6876,-0.7216,-0.682,-0.7868,-0.8044,-0.8736,-0.9488,-0.9676,-1.0244,-1.068,-1.1832,-1.2984,-1.3408,-1.4176,-1.4928,-1.5456,-1.608,-1.6556,-1.6796,-1.7208,-1.736,-1.7832,-1.8028,-1.8096,-1.838,-1.848,-1.8656,-1.8692,-1.8716,-1.882,-1.8896,-1.8892,-1.898,-1.9068,-1.9076,-1.91,-1.9112,-1.9112,-1.9168,-1.9184,-1.92,-1.9212,-1.9216,-1.9244,-1.9248,-1.926,-1.9272,-1.928,-1.9288,-1.93,-1.9308,-1.932,-1.9324
-0.1032,-0.1072,-0.086,-0.1148,-0.1252,-0.1096,-0.1224,-0.1252,-0.1256,-0.126,-0.1412,-0.1692,-0.1972,-0.1708,-0.1588,-0.166,-0.1964,-0.204,-0.1988,-0.2032,-0.2176,-0.1992,-0.2492,-0.238,-0.2552,-0.26,-0.2768,-0.29,-0.2912,-0.3216,-0.304,-0.3328,-0.3404,-0.356,-0.396,-0.3736,-0.4224,-0.4216,-0.432,-0.4632,-0.4804,-0.5036,-0.5132,-0.5284,-0.5664,-0.614,-0.5932,-0.6564,-0.6936,-0.7304,-0.7748,-0.814,-0.8872,-0.9352,-0.9772,-1.0324,-1.0572,-1.144,-1.2212,-1.2588,-1.364,-1.4784,-1.5216,-1.5724,-1.6312,-1.6748,-1.696,-1.7156,-1.7532,-1.7716,-1.7856,-1.8092,-1.826,-1.844,-1.8624,-1.8668,-1.8888,-1.8928,-1.8976,-1.8984,-1.9056,-1.91,-1.9124,-1.918,-1.9196,-1.9192,-1.9228,-1.9264,-1.9232,-1.93,-1.9316,-1.9324,-1.9352,-1.9352,-1.9364,-1.9372,-1.9388,-1.9396,-1.9408,-1.942
-0.1284,-0.0892,-0.1128,-0.1248,-0.1016,-0.1224,-0.126,-0.1432,-0.1408,-0.1424,-0.1516,-0.1352,-0.1668,-0.18,-0.158,-0.19,-0.1944,-0.2132,-0.1744,-0.2104,-0.1848,-0.2188,-0.252,-0.2308,-0.2264,-0.2644,-0.2636,-0.3032,-0.3096,-0.3012,-0.306,-0.3112,-0.3392,-0.3432,-0.3832,-0.3984,-0.4056,-0.3872,-0.4452,-0.48,-0.4692,-0.5196,-0.512,-0.5516,-0.5748,-0.6176,-0.6284,-0.6732,-0.7052,-0.7424,-0.7648,-0.8284,-0.8404,-0.9168,-0.9928,-1.038,-1.0904,-1.168,-1.2004,-1.3196,-1.4356,-1.4656,-1.544,-1.5996,-1.652,-1.69,-1.7288,-1.7676,-1.7804,-1.7776,-1.8288,-1.8396,-1.8512,-1.8588,-1.8776,-1.8804,-1.88,-1.8912,-1.8888,-1.8968,-1.9,-1.902,-1.9016,-1.9052,-1.9108,-1.9092,-1.9116,-1.9144,-1.9152,-1.918,-1.9184,-1.9196,-1.9196,-1.92,-1.9224,-1.9228,-1.9232,-1.9264,-1.9264,-1.9268
-0.1056,-0.104,-0.112,-0.1172,-0.1276,-0.1168,-0.1296,-0.1148,-0.132,-0.1464,-0.1296,-0.1876,-0.1416,-0.142,-0.1648,-0.176,-0.1928,-0.1852,-0.2268,-0.2048,-0.19,-0.232,-0.2388,-0.232,-0.2348,-0.2608,-0.2668,-0.2912,-0.268,-0.3064,-0.3224,-0.338,-0.34,-0.3764,-0.3968,-0.3956,-0.4524,-0.4216,-0.4024,-0.4724,-0.5112,-0.4852,-0.5064,-0.5692,-0.5584,-0.6144,-0.6472,-0.6324,-0.698,-0.7516,-0.788,-0.8252,-0.8676,-0.9072,-0.9816,-1.0404,-1.1208,-1.1688,-1.252,-1.3528,-1.4296,-1.488,-1.5464,-1.594,-1.6548,-1.712,-1.728,-1.7644,-1.7804,-1.8256,-1.846,-1.8516,-1.8712,-1.8796,-1.894,-1.9044,-1.9092,-1.9168,-1.9208,-1.928,-1.9308,-1.9344,-1.9368,-1.9428,-1.944,-1.9464,-1.9476,-1.9472,-1.9504,-1.952,-1.9552,-1.9564,-1.9556,-1.9588,-1.9604,-1.962,-1.964,-1.9676,-1.9712,-1.9768
-0.1036,-0.1056,-0.1216,-0.13,-0.1188,-0.1008,-0.1376,-0.144,-0.156,-0.1504,-0.1444,-0.1776,-0.158,-0.1364,-0.15,-0.1624,-0.1892,-0.1792,-0.1964,-0.1896,-0.2148,-0.2096,-0.2192,-0.2276,-0.2584,-0.2808,-0.2596,-0.2828,-0.3028,-0.2988,-0.3092,-0.3216,-0.3524,-0.3704,-0.3896,-0.3788,-0.38,-0.4372,-0.442,-0.4476,-0.5004,-0.4828,-0.5092,-0.5364,-0.5708,-0.6004,-0.66,-0.6224,-0.7144,-0.7272,-0.7628,-0.8084,-0.9136,-0.8996,-0.9492,-1.0424,-1.0836,-1.1804,-1.2396,-1.3164,-1.3776,-1.4416,-1.5136,-1.5804,-1.608,-1.6656,-1.704,-1.7328,-1.7792,-1.7844,-1.8112,-1.8172,-1.8388,-1.8372,-1.8576,-1.8508,-1.8692,-1.8724,-1.8748,-1.8848,-1.8884,-1.892,-1.896,-1.8964,-1.9008,-1.904,-1.9056,-1.908,-1.912,-1.9132,-1.916,-1.918,-1.9192,-1.922,-1.9232,-1.9244,-1.9256,-1.9264,-1.9264,-1.9284
-0.106,-0.0892,-0.068,-0.1204,-0.1144,-0.1252,-0.102,-0.14,-0.1192,-0.1408,-0.1524,-0.1612,-0.1524,-0.164,-0.1616,-0.1828,-0.1824,-0.1756,-0.162,-0.2188,-0.2288,-0.2068,-0.2372,-0.246,-0.274,-0.2732,-0.2692,-0.2892,-0.2968,-0.2836,-0.352,-0.3312,-0.3664,-0.3532,-0.3644,-0.4044,-0.4032,-0.402,-0.4244,-0.4596,-0.5036,-0.5348,-0.5404,-0.5528,-0.582,-0.6032,-0.6444,-0.6576,-0.7064,-0.7004,-0.77,-0.8172,-0.8444,-0.912,-0.9744,-1.026,-1.1148,-1.17,-1.236,-1.3104,-1.4148,-1.5256,-1.5332,-1.5864,-1.6224,-1.6488,-1.714,-1.74,-1.7668,-1.7896,-1.8076,-1.8324,-1.8448,-1.848,-1.8684,-1.872,-1.8836,-1.8876,-1.8964,-1.8948,-1.9036,-1.9028,-1.908,-1.9096,-1.9148,-1.9188,-1.918,-1.9204,-1.9208,-1.9232,-1.9256,-1.928,-1.9288,-1.9312,-1.9312,-1.9324,-1.9344,-1.9364,-1.938,-1.9388
-0.0968,-0.1056,-0.1108,-0.106,-0.1296,-0.1124,-0.1396,-0.1596,-0.1456,-0.11,-0.1504,-0.1548,-0.1468,-0.162,-0.1744,-0.1532,-0.1844,-0.1948,-0.1884,-0.1988,-0.2264,-0.24,-0.2508,-0.2304,-0.2548,-0.2524,-0.2816,-0.2808,-0.308,-0.3224,-0.3152,-0.3112,-0.346,-0.3504,-0.3932,-0.3736,-0.4216,-0.4308,-0.4312,-0.4344,-0.4716,-0.4968,-0.5376,-0.528,-0.5716,-0.63,-0.6596,-0.6892,-0.6992,-0.7368,-0.766,-0.8324,-0.8392,-0.8896,-0.9548,-0.99,-1.1052,-1.188,-1.2432,-1.3376,-1.4048,-1.4932,-1.5248,-1.572,-1.6464,-1.6932,-1.7392,-1.7872,-1.8156,-1.8404,-1.8608,-1.868,-1.8624,-1.9004,-1.8896,-1.9092,-1.912,-1.9144,-1.9232,-1.9272,-1.9304,-1.934,-1.9392,-1.9396,-1.9404,-1.9432,-1.9456,-1.9444,-1.9468,-1.948,-1.9492,-1.9496,-1.9508,-1.9512,-1.9528,-1.9532,-1.9536,-1.9536,-1.9544,-1.9556
-0.1172,-0.0816,-0.082,-0.0912,-0.0948,-0.1184,-0.1252,-0.1152,-0.1556,-0.1472,-0.1392,-0.1496,-0.1296,-0.1468,-0.1764,-0.1724,-0.1804,-0.164,-0.1948,-0.2148,-0.198,-0.222,-0.2428,-0.2696,-0.2672,-0.2772,-0.306,-0.3276,-0.272,-0.292,-0.2836,-0.3604,-0.352,-0.3456,-0.3712,-0.3828,-0.4176,-0.3764,-0.4508,-0.4532,-0.5204,-0.494,-0.5088,-0.5396,-0.5748,-0.6196,-0.6684,-0.6716,-0.6864,-0.7328,-0.7488,-0.8156,-0.904,-0.9412,-0.9936,-1.0288,-1.0864,-1.1796,-1.242,-1.308,-1.4084,-1.48,-1.5268,-1.6152,-1.6672,-1.6916,-1.7352,-1.7648,-1.7988,-1.8144,-1.8276,-1.8492,-1.8596,-1.876,-1.8756,-1.8724,-1.8916,-1.9012,-1.9048,-1.906,-1.9084,-1.9096,-1.9124,-1.9148,-1.9136,-1.9144,-1.916,-1.9168,-1.918,-1.9184,-1.92,-1.9196,-1.9188,-1.9196,-1.9188,-1.9196,-1.92,-1.92,-1.92,-1.9196
-0.1208,-0.1048,-0.1352,-0.1152,-0.0948,-0.1236,-0.1136,-0.1128,-0.1476,-0.132,-0.1456,-0.154,-0.186,-0.134,-0.1936,-0.184,-0.1832,-0.1868,-0.1968,-0.208,-0.2356,-0.2312,-0.2204,-0.2328,-0.2548,-0.2644,-0.28,-0.2864,-0.2824,-0.32,-0.294,-0.3232,-0.3416,-0.3712,-0.41,-0.378,-0.3948,-0.4168,-0.4184,-0.4468,-0.4916,-0.5052,-0.51,-0.57,-0.5908,-0.6296,-0.6464,-0.672,-0.7032,-0.7296,-0.7812,-0.8344,-0.8804,-0.912,-0.9712,-1.0576,-1.0992,-1.1804,-1.2612,-1.3604,-1.4008,-1.5064,-1.5448,-1.6496,-1.6744,-1.6856,-1.7304,-1.744,-1.792,-1.8056,-1.8224,-1.8456,-1.8412,-1.846,-1.8608,-1.8608,-1.8728,-1.8812,-1.8884,-1.8936,-1.8976,-1.9008,-1.9048,-1.9052,-1.9104,-1.9112,-1.914,-1.9144,-1.916,-1.9196,-1.9208,-1.9236,-1.9256,-1.9296,-1.9288,-1.9312,-1.9324,-1.934,-1.936,-1.9368
-0.1224,-0.1284,-0.1092,-0.1192,-0.126,-0.128,-0.1244,-0.146,-0.1244,-0.1244,-0.1588,-0.184,-0.1556,-0.1588,-0.188,-0.1776,-0.1772,-0.1844,-0.192,-0.2352,-0.2244,-0.24,-0.2228,-0.2576,-0.278,-0.2592,-0.2948,-0.2952,-0.3044,-0.3076,-0.3028,-0.3312,-0.3464,-0.3652,-0.3936,-0.3876,-0.4072,-0.4128,-0.4452,-0.4764,-0.4692,-0.49,-0.5152,-0.5452,-0.5568,-0.618,-0.6356,-0.6832,-0.6668,-0.74,-0.7752,-0.8164,-0.8488,-0.9128,-1.0004,-1.0512,-1.0744,-1.1336,-1.2436,-1.3148,-1.4028,-1.4552,-1.5304,-1.5836,-1.6428,-1.6396,-1.7092,-1.7524,-1.766,-1.7912,-1.8196,-1.8344,-1.8548,-1.8528,-1.8672,-1.874,-1.88,-1.8928,-1.9024,-1.9088,-1.908,-1.91,-1.9164,-1.9188,-1.9196,-1.9236,-1.9252,-1.9252,-1.9264,-1.9272,-1.928,-1.9292,-1.9284,-1.9296,-1.9308,-1.9316,-1.9328,-1.9328,-1.934,-1.9348
-0.1028,-0.0844,-0.0916,-0.1344,-0.1244,-0.1416,-0.1272,-0.1444,-0.1472,-0.1484,-0.1448,-0.1444,-0.1824,-0.1632,-0.1784,-0.1792,-0.19,-0.2036,-0.1872,-0.2152,-0.1928,-0.2336,-0.2164,-0.2396,-0.2448,-0.27,-0.2424,-0.2908,-0.2948,-0.3192,-0.3288,-0.32,-0.3464,-0.3568,-0.3776,-0.3972,-0.4036,-0.4128,-0.4328,-0.4572,-0.45,-0.5128,-0.5192,-0.5444,-0.5644,-0.6172,-0.626,-0.6272,-0.7168,-0.7312,-0.8124,-0.8068,-0.8324,-0.9348,-0.9464,-1.0736,-1.1072,-1.1964,-1.242,-1.3196,-1.4184,-1.4532,-1.56,-1.6328,-1.7208,-1.7668,-1.7652,-1.814,-1.8264,-1.8548,-1.8732,-1.8804,-1.896,-1.9104,-1.9192,-1.918,-1.9264,-1.9284,-1.9332,-1.9404,-1.9376,-1.9456,-1.9444,-1.9468,-1.9492,-1.95,-1.9516,-1.9504,-1.9532,-1.9528,-1.9524,-1.9548,-1.9548,-1.9552,-1.956,-1.9556,-1.9564,-1.9564,-1.9568,-1.9568
-0.0876,-0.0972,-0.1144,-0.1288,-0.12,-0.086,-0.1408,-0.1532,-0.1288,-0.1368,-0.1532,-0.1616,-0.14,-0.1836,-0.1576,-0.1872,-0.1616,-0.2056,-0.212,-0.2048,-0.2048,-0.2492,-0.234,-0.2732,-0.252,-0.2676,-0.2532,-0.254,-0.3016,-0.3044,-0.3124,-0.3312,-0.3316,-0.3744,-0.3808,-0.3888,-0.4124,-0.4192,-0.4352,-0.4524,-0.4652,-0.4748,-0.5088,-0.5488,-0.578,-0.6036,-0.6508,-0.6524,-0.6968,-0.7252,-0.79,-0.796,-0.864,-0.92,-0.9864,-0.9976,-1.102,-1.1608,-1.2396,-1.2972,-1.3748,-1.4412,-1.5596,-1.6072,-1.65,-1.684,-1.708,-1.7444,-1.7604,-1.7664,-1.7852,-1.8104,-1.8308,-1.8356,-1.8468,-1.8508,-1.864,-1.8604,-1.8724,-1.8756,-1.882,-1.8852,-1.8936,-1.8964,-1.8952,-1.8972,-1.9,-1.902,-1.9036,-1.906,-1.9064,-1.9072,-1.91,-1.9108,-1.9124,-1.9136,-1.914,-1.916,-1.9172,-1.9176
-0.1024,-0.0852,-0.1136,-0.1244,-0.1168,-0.1196,-0.1112,-0.1532,-0.1728,-0.1336,-0.1408,-0.1764,-0.1624,-0.1616,-0.1508,-0.1872,-0.1724,-0.1828,-0.1868,-0.1904,-0.1952,-0.2336,-0.2496,-0.2268,-0.2472,-0.2616,-0.2752,-0.2704,-0.2848,-0.2924,-0.3208,-0.3592,-0.3384,-0.352,-0.392,-0.4168,-0.4156,-0.414,-0.4504,-0.4616,-0.4528,-0.4932,-0.5632,-0.5564,-0.6004,-0.614,-0.6684,-0.656,-0.692,-0.7372,-0.7856,-0.8172,-0.8772,-0.8996,-0.9532,-0.9996,-1.1272,-1.1828,-1.2864,-1.3532,-1.4192,-1.508,-1.5728,-1.5888,-1.6188,-1.7152,-1.7292,-1.772,-1.8008,-1.7952,-1.8128,-1.8376,-1.844,-1.8616,-1.8732,-1.876,-1.872,-1.884,-1.8912,-1.892,-1.898,-1.8972,-1.9016,-1.9052,-1.9056,-1.9104,-1.9144,-1.9164,-1.918,-1.922,-1.9216,-1.9228,-1.9244,-1.9252,-1.926,-1.9272,-1.9284,-1.9292,-1.9308,-1.932
-0.0848,-0.1116,-0.1156,-0.1144,-0.1128,-0.1184,-0.1236,-0.1384,-0.1564,-0.108,-0.1404,-0.1544,-0.1636,-0.162,-0.1492,-0.1892,-0.1856,-0.164,-0.1928,-0.21,-0.214,-0.2492,-0.2368,-0.2472,-0.2524,-0.2392,-0.2724,-0.2808,-0.2784,-0.3,-0.3212,-0.336,-0.3396,-0.3672,-0.368,-0.3552,-0.4124,-0.4508,-0.4476,-0.4636,-0.498,-0.5084,-0.518,-0.5352,-0.5868,-0.6204,-0.6468,-0.684,-0.6832,-0.7324,-0.788,-0.8388,-0.8832,-0.92,-0.9616,-1.042,-1.0744,-1.1592,-1.2408,-1.3368,-1.3816,-1.4432,-1.5348,-1.5996,-1.648,-1.6872,-1.7356,-1.7596,-1.7652,-1.8068,-1.8176,-1.8276,-1.8364,-1.8648,-1.8756,-1.8868,-1.8928,-1.9092,-1.9144,-1.9236,-1.9232,-1.928,-1.932,-1.9328,-1.9336,-1.9372,-1.936,-1.9376,-1.9372,-1.9404,-1.9404,-1.9408,-1.9412,-1.9428,-1.9428,-1.944,-1.944,-1.9448,-1.9448,-1.9452
-0.1144,-0.0996,-0.0928,-0.1432,-0.102,-0.1072,-0.1508,-0.1376,-0.14,-0.1772,-0.1464,-0.1724,-0.1792,-0.1564,-0.1552,-0.2104,-0.1856,-0.1788,-0.2072,-0.2068,-0.2116,-0.2296,-0.2636,-0.2508,-0.2552,-0.2452,-0.2504,-0.262,-0.302,-0.2864,-0.3176,-0.33,-0.3384,-0.3552,-0.38,-0.3848,-0.3972,-0.416,-0.448,-0.468,-0.4908,-0.5004,-0.5692,-0.5276,-0.5432,-0.612,-0.6308,-0.6812,-0.6524,-0.7428,-0.8,-0.808,-0.8864,-0.9376,-0.9976,-0.9924,-1.112,-1.1928,-1.2468,-1.3012,-1.3548,-1.4556,-1.5196,-1.5968,-1.6492,-1.6736,-1.7072,-1.7328,-1.764,-1.784,-1.8016,-1.8168,-1.83,-1.8516,-1.8512,-1.86,-1.868,-1.8728,-1.8836,-1.8896,-1.8976,-1.906,-1.918,-1.9264,-1.9336,-1.9392,-1.9448,-1.944,-1.9464,-1.9488,-1.9516,-1.9536,-1.9568,-1.9572,-1.9576,-1.958,-1.9584,-1.9596,-1.9604,-1.9612
-0.0952,-0.1044,-0.1268,-0.096,-0.0968,-0.13,-0.1216,-0.126,-0.1388,-0.1348,-0.1428,-0.1384,-0.1404,-0.1732,-0.1988,-0.1896,-0.1712,-0.1884,-0.1864,-0.2096,-0.2092,-0.2304,-0.2056,-0.2364,-0.244,-0.2584,-0.2728,-0.2796,-0.308,-0.3088,-0.3088,-0.3116,-0.3628,-0.3448,-0.382,-0.382,-0.4008,-0.4196,-0.4564,-0.4612,-0.5008,-0.4792,-0.5432,-0.5348,-0.5892,-0.6296,-0.6608,-0.6904,-0.7028,-0.7296,-0.7492,-0.8468,-0.8748,-0.9008,-0.9812,-1.0168,-1.098,-1.1652,-1.256,-1.3104,-1.4212,-1.5052,-1.5416,-1.6124,-1.6728,-1.7116,-1.7456,-1.7788,-1.7828,-1.7976,-1.8148,-1.8428,-1.8532,-1.8676,-1.8704,-1.8852,-1.8964,-1.9008,-1.9024,-1.9152,-1.9276,-1.9304,-1.934,-1.9352,-1.9392,-1.942,-1.948,-1.954,-1.9548,-1.9564,-1.9576,-1.9596,-1.96,-1.9612,-1.9624,-1.9624,-1.9636,-1.964,-1.964,-1.9644
-0.096,-0.1108,-0.1316,-0.0984,-0.1192,-0.1484,-0.1392,-0.1308,-0.1352,-0.1336,-0.1488,-0.1716,-0.1392,-0.1748,-0.1588,-0.1992,-0.1844,-0.1952,-0.1952,-0.2092,-0.2084,-0.218,-0.2228,-0.2616,-0.252,-0.2524,-0.2424,-0.2764,-0.2792,-0.3112,-0.3128,-0.332,-0.3212,-0.3488,-0.3692,-0.3748,-0.4276,-0.442,-0.4408,-0.4676,-0.4952,-0.4964,-0.5244,-0.5296,-0.5332,-0.606,-0.6152,-0.6676,-0.6836,-0.692,-0.7716,-0.8112,-0.8376,-0.908,-0.9648,-0.9704,-1.058,-1.15,-1.216,-1.2836,-1.3776,-1.4684,-1.516,-1.5984,-1.6408,-1.6848,-1.724,-1.7796,-1.8008,-1.8224,-1.8312,-1.854,-1.8624,-1.8692,-1.8848,-1.8844,-1.8888,-1.8964,-1.9104,-1.9056,-1.91,-1.9144,-1.9164,-1.9168,-1.9236,-1.9264,-1.9256,-1.9264,-1.9292,-1.9296,-1.9324,-1.9328,-1.934,-1.9336,-1.9348,-1.9352,-1.936,-1.9364,-1.9364,-1.9364
-0.0876,-0.1152,-0.1192,-0.1296,-0.116,-0.1,-0.1388,-0.1148,-0.1036,-0.1276,-0.146,-0.154,-0.1856,-0.1572,-0.168,-0.1592,-0.1852,-0.194,-0.1992,-0.248,-0.2324,-0.2308,-0.2532,-0.2372,-0.274,-0.2612,-0.2828,-0.2708,-0.3112,-0.3408,-0.3232,-0.3256,-0.3524,-0.3856,-0.3796,-0.386,-0.412,-0.424,-0.4296,-0.4644,-0.4732,-0.4952,-0.532,-0.5428,-0.5852,-0.6176,-0.6248,-0.6608,-0.7296,-0.7612,-0.7708,-0.8588,-0.858,-0.9104,-0.9568,-1.028,-1.1124,-1.1552,-1.2676,-1.3292,-1.4244,-1.4644,-1.5144,-1.596,-1.6584,-1.6932,-1.7208,-1.7572,-1.7776,-1.7936,-1.828,-1.834,-1.8296,-1.856,-1.864,-1.872,-1.8824,-1.8864,-1.8888,-1.8948,-1.9008,-1.904,-1.9088,-1.9124,-1.9172,-1.9176,-1.9216,-1.9232,-1.928,-1.9292,-1.932,-1.9344,-1.9352,-1.9384,-1.9392,-1.9404,-1.9428,-1.9448,-1.9472,-1.95
-0.1028,-0.0836,-0.09,-0.0972,-0.0992,-0.1092,-0.1232,-0.1408,-0.1332,-0.1392,-0.142,-0.148,-0.1488,-0.1776,-0.1788,-0.1844,-0.1884,-0.1776,-0.2148,-0.2332,-0.2216,-0.234,-0.2296,-0.2416,-0.2592,-0.2744,-0.2532,-0.292,-0.3192,-0.2832,-0.2932,-0.3404,-0.3324,-0.3532,-0.3884,-0.3988,-0.4164,-0.4332,-0.4552,-0.4856,-0.4824,-0.4924,-0.5432,-0.5512,-0.5776,-0.6268,-0.6524,-0.6884,-0.718,-0.7096,-0.7676,-0.8152,-0.884,-0.9208,-0.974,-1.0404,-1.0868,-1.196,-1.2552,-1.3608,-1.4524,-1.4784,-1.5236,-1.656,-1.706,-1.7092,-1.7632,-1.804,-1.8188,-1.8376,-1.8564,-1.8764,-1.8832,-1.898,-1.9064,-1.908,-1.928,-1.9324,-1.9336,-1.9416,-1.9508,-1.9496,-1.9524,-1.9552,-1.956,-1.9588,-1.9592,-1.9608,-1.9616,-1.9636,-1.9644,-1.9656,-1.966,-1.9664,-1.9664,-1.9688,-1.9696,-1.9704,-1.9712,-1.9724
-0.11,-0.1192,-0.0928,-0.08,-0.1096,-0.1216,-0.1048,-0.1452,-0.1324,-0.1532,-0.1256,-0.1684,-0.1552,-0.1592,-0.1484,-0.1784,-0.1684,-0.1784,-0.1992,-0.2176,-0.2184,-0.2312,-0.2396,-0.2348,-0.2232,-0.2612,-0.2648,-0.328,-0.2848,-0.296,-0.3032,-0.3624,-0.3396,-0.3492,-0.3824,-0.382,-0.3936,-0.4188,-0.428,-0.48,-0.5056,-0.5192,-0.5148,-0.5392,-0.5704,-0.6072,-0.6484,-0.652,-0.676,-0.7432,-0.7808,-0.7948,-0.8476,-0.966,-1.004,-0.9992,-1.1116,-1.1632,-1.2356,-1.3064,-1.386,-1.4388,-1.4844,-1.5752,-1.6152,-1.6508,-1.68,-1.7212,-1.7596,-1.7724,-1.7932,-1.8092,-1.8296,-1.828,-1.854,-1.8592,-1.8688,-1.8788,-1.884,-1.8912,-1.906,-1.908,-1.9092,-1.9108,-1.9172,-1.9208,-1.9212,-1.922,-1.9252,-1.926,-1.926,-1.928,-1.9288,-1.9296,-1.9296,-1.9296,-1.9304,-1.9312,-1.9312,-1.9308
-0.0944,-0.0996,-0.0996,-0.1128,-0.1084,-0.1312,-0.1248,-0.1268,-0.154,-0.1148,-0.1532,-0.1608,-0.148,-0.152,-0.1856,-0.1888,-0.1772,-0.1944,-0.1772,-0.2364,-0.2044,-0.202,-0.236,-0.224,-0.2748,-0.2516,-0.274,-0.2752,-0.276,-0.3204,-0.3116,-0.3424,-0.3476,-0.384,-0.3376,-0.3752,-0.424,-0.4156,-0.4428,-0.482,-0.4588,-0.53,-0.5444,-0.51,-0.5968,-0.6164,-0.6456,-0.6744,-0.7372,-0.7656,-0.7724,-0.8084,-0.8432,-0.8948,-0.9168,-1.0516,-1.0756,-1.1532,-1.2408,-1.328,-1.4004,-1.4368,-1.5504,-1.6308,-1.6756,-1.706,-1.7628,-1.786,-1.7996,-1.8368,-1.8532,-1.8592,-1.874,-1.8808,-1.8964,-1.906,-1.9012,-1.9092,-1.916,-1.9184,-1.9236,-1.9276,-1.9336,-1.934,-1.9336,-1.9368,-1.9372,-1.9384,-1.9396,-1.9408,-1.9424,-1.9444,-1.9448,-1.9456,-1.9456,-1.9452,-1.946,-1.9472,-1.9472,-1.9484
-0.098,-0.098,-0.1056,-0.1084,-0.128,-0.1228,-0.1348,-0.1368,-0.1556,-0.128,-0.1628,-0.1532,-0.174,-0.1448,-0.1572,-0.1584,-0.152,-0.192,-0.1912,-0.19,-0.2244,-0.2316,-0.2028,-0.2384,-0.2204,-0.268,-0.278,-0.2624,-0.274,-0.2912,-0.3244,-0.3172,-0.3264,-0.3888,-0.3524,-0.3856,-0.378,-0.4176,-0.424,-0.4788,-0.4568,-0.5096,-0.5624,-0.5848,-0.5864,-0.604,-0.626,-0.6668,-0.708,-0.744,-0.782,-0.82,-0.8768,-0.9592,-1.0188,-1.0124,-1.0832,-1.1568,-1.2304,-1.2872,-1.3884,-1.4324,-1.494,-1.568,-1.624,-1.6796,-1.716,-1.778,-1.7836,-1.8112,-1.8096,-1.8252,-1.8396,-1.8568,-1.8608,-1.8664,-1.8732,-1.8776,-1.8852,-1.8952,-1.8972,-1.9032,-1.9084,-1.9084,-1.9128,-1.9124,-1.9168,-1.9192,-1.9208,-1.9244,-1.9252,-1.9264,-1.9272,-1.9284,-1.9288,-1.9316,-1.9312,-1.9324,-1.934,-1.9348
-0.0868,-0.1044,-0.092,-0.1024,-0.1504,-0.1144,-0.1272,-0.134,-0.1488,-0.1348,-0.1492,-0.1536,-0.1564,-0.1656,-0.1732,-0.1976,-0.2032,-0.192,-0.2096,-0.1956,-0.206,-0.2016,-0.2068,-0.2496,-0.2492,-0.2704,-0.3032,-0.2776,-0.282,-0.308,-0.31,-0.302,-0.326,-0.372,-0.39,-0.3848,-0.4008,-0.424,-0.4492,-0.486,-0.4744,-0.5064,-0.5392,-0.5632,-0.5852,-0.62,-0.6392,-0.6844,-0.7128,-0.7372,-0.7856,-0.778,-0.8408,-0.9096,-0.9368,-1.0376,-1.142,-1.1768,-1.2356,-1.3064,-1.4184,-1.4744,-1.5192,-1.6072,-1.666,-1.7212,-1.7648,-1.794,-1.8124,-1.8208,-1.8404,-1.8516,-1.8676,-1.88,-1.8888,-1.8948,-1.8976,-1.8988,-1.9004,-1.9116,-1.9144,-1.9176,-1.9212,-1.9264,-1.9272,-1.9292,-1.93,-1.9316,-1.9336,-1.9344,-1.9364,-1.938,-1.9392,-1.9412,-1.9416,-1.9432,-1.9444,-1.9456,-1.9464,-1.9468
-0.0976,-0.1056,-0.1004,-0.1152,-0.1368,-0.1,-0.1292,-0.1452,-0.1436,-0.1716,-0.1268,-0.1512,-0.1756,-0.144,-0.168,-0.1988,-0.1716,-0.1908,-0.186,-0.1944,-0.2428,-0.21,-0.2296,-0.2344,-0.2472,-0.2544,-0.246,-0.2684,-0.258,-0.264,-0.344,-0.346,-0.3384,-0.3588,-0.3788,-0.4076,-0.4072,-0.4352,-0.4292,-0.4604,-0.4908,-0.5316,-0.5308,-0.5492,-0.5672,-0.5912,-0.6316,-0.6964,-0.7096,-0.7272,-0.7724,-0.7868,-0.8724,-0.9304,-0.9708,-1.0204,-1.1064,-1.176,-1.26,-1.2884,-1.3524,-1.4736,-1.5484,-1.5996,-1.6116,-1.696,-1.7208,-1.7376,-1.7676,-1.7876,-1.8148,-1.8192,-1.8328,-1.8532,-1.8632,-1.874,-1.88,-1.8928,-1.894,-1.8972,-1.9088,-1.9124,-1.9136,-1.9148,-1.9164,-1.9232,-1.9284,-1.9352,-1.9336,-1.9368,-1.936,-1.938,-1.9392,-1.9388,-1.9408,-1.9404,-1.9412,-1.9416,-1.9416,-1.9424
-0.1196,-0.1012,-0.1096,-0.1056,-0.09,-0.1244,-0.1016,-0.136,-0.1508,-0.148,-0.14,-0.1408,-0.1564,-0.1764,-0.1736,-0.2084,-0.1868,-0.202,-0.1888,-0.2052,-0.2384,-0.2044,-0.2452,-0.2468,-0.236,-0.248,-0.2592,-0.2904,-0.294,-0.3068,-0.3232,-0.3412,-0.3396,-0.3668,-0.3788,-0.3836,-0.4156,-0.4272,-0.46,-0.4808,-0.4584,-0.5044,-0.5448,-0.5432,-0.592,-0.6156,-0.642,-0.6688,-0.7208,-0.7344,-0.798,-0.8112,-0.8948,-0.9196,-0.9596,-1.026,-1.072,-1.184,-1.2212,-1.3276,-1.3912,-1.3992,-1.5,-1.5608,-1.626,-1.6544,-1.7012,-1.7436,-1.7684,-1.784,-1.8164,-1.832,-1.8512,-1.8824,-1.8888,-1.8948,-1.9048,-1.9112,-1.908,-1.9152,-1.92,-1.9216,-1.9232,-1.9284,-1.9308,-1.9324,-1.9336,-1.9332,-1.9352,-1.936,-1.9364,-1.938,-1.9384,-1.9396,-1.9416,-1.942,-1.9436,-1.9436,-1.9444,-1.9452
-0.1176,-0.1056,-0.0904,-0.0908,-0.1036,-0.1232,-0.1344,-0.1304,-0.1216,-0.1288,-0.1348,-0.1316,-0.1636,-0.1596,-0.1984,-0.1936,-0.1824,-0.1724,-0.2208,-0.2024,-0.2344,-0.2036,-0.252,-0.2476,-0.2392,-0.2612,-0.2504,-0.3,-0.3088,-0.3344,-0.3364,-0.3268,-0.3508,-0.3544,-0.3656,-0.4008,-0.3748,-0.4156,-0.4228,-0.4496,-0.4596,-0.512,-0.5108,-0.5288,-0.548,-0.6184,-0.6248,-0.6648,-0.6752,-0.7384,-0.7792,-0.836,-0.9048,-0.918,-0.9652,-1.0448,-1.118,-1.1736,-1.2488,-1.3408,-1.3784,-1.4456,-1.5408,-1.5684,-1.638,-1.6956,-1.7396,-1.7616,-1.7796,-1.8128,-1.8228,-1.8552,-1.8664,-1.8732,-1.8824,-1.8912,-1.896,-1.9032,-1.908,-1.9152,-1.9188,-1.9168,-1.92,-1.924,-1.9236,-1.9256,-1.928,-1.9276,-1.9284,-1.9292,-1.9288,-1.9304,-1.932,-1.932,-1.9328,-1.9328,-1.9336,-1.9344,-1.9352,-1.9356
-0.0832,-0.1012,-0.1172,-0.1052,-0.1168,-0.1024,-0.1356,-0.1392,-0.1456,-0.1392,-0.1392,-0.1348,-0.1784,-0.1856,-0.2076,-0.21,-0.184,-0.1932,-0.2012,-0.21,-0.2012,-0.1872,-0.2384,-0.21,-0.2608,-0.2484,-0.2904,-0.2796,-0.3052,-0.2936,-0.2908,-0.338,-0.3544,-0.3644,-0.39,-0.3812,-0.398,-0.4036,-0.432,-0.4432,-0.4624,-0.4964,-0.5276,-0.5612,-0.5732,-0.6072,-0.6416,-0.646,-0.696,-0.7556,-0.778,-0.83,-0.8968,-0.9628,-0.966,-1.0452,-1.048,-1.1924,-1.2256,-1.328,-1.4156,-1.4928,-1.544,-1.596,-1.6252,-1.6804,-1.7264,-1.7544,-1.7904,-1.8064,-1.8152,-1.8256,-1.8424,-1.8568,-1.8692,-1.8696,-1.8776,-1.8872,-1.886,-1.8932,-1.894,-1.9,-1.9044,-1.9044,-1.9104,-1.9128,-1.9192,-1.9236,-1.9248,-1.926,-1.93,-1.9316,-1.932,-1.9344,-1.9352,-1.9364,-1.9368,-1.9372,-1.9384,-1.9392
-0.1012,-0.1356,-0.1332,-0.1184,-0.1232,-0.0972,-0.128,-0.1476,-0.1508,-0.1236,-0.1352,-0.1568,-0.17,-0.1632,-0.1516,-0.1732,-0.1952,-0.1772,-0.202,-0.188,-0.1972,-0.2592,-0.2164,-0.2344,-0.25,-0.2768,-0.28,-0.2744,-0.2952,-0.3188,-0.3088,-0.3264,-0.348,-0.3528,-0.3756,-0.4028,-0.4036,-0.4028,-0.4332,-0.484,-0.4776,-0.4764,-0.506,-0.5716,-0.5948,-0.618,-0.6088,-0.6572,-0.6992,-0.7512,-0.7788,-0.8092,-0.8556,-0.8988,-1.0028,-0.9808,-1.108,-1.1668,-1.2664,-1.394,-1.4416,-1.492,-1.5776,-1.6444,-1.6712,-1.7124,-1.766,-1.7696,-1.8064,-1.8208,-1.8408,-1.8384,-1.8524,-1.8732,-1.882,-1.892,-1.8976,-1.8968,-1.9044,-1.902,-1.9084,-1.912,-1.9112,-1.9172,-1.9188,-1.922,-1.9228,-1.9232,-1.9248,-1.9248,-1.926,-1.9284,-1.9284,-1.9292,-1.9308,-1.9304,-1.9308,-1.932,-1.932,-1.9316
-0.1116,-0.0984,-0.104,-0.1128,-0.1212,-0.128,-0.1204,-0.1224,-0.1552,-0.1472,-0.156,-0.1328,-0.154,-0.1648,-0.1908,-0.176,-0.1864,-0.178,-0.2188,-0.2192,-0.2176,-0.222,-0.232,-0.2348,-0.2696,-0.2684,-0.2588,-0.2744,-0.272,-0.3132,-0.3124,-0.316,-0.3624,-0.368,-0.3604,-0.3636,-0.4212,-0.4404,-0.4184,-0.4652,-0.476,-0.488,-0.5008,-0.5256,-0.5748,-0.6016,-0.6268,-0.6652,-0.694,-0.7364,-0.7904,-0.818,-0.8544,-0.8848,-0.9644,-1.0736,-1.1236,-1.1608,-1.2604,-1.344,-1.416,-1.502,-1.524,-1.6188,-1.6664,-1.6752,-1.7104,-1.7688,-1.7964,-1.8152,-1.8336,-1.844,-1.8656,-1.8736,-1.892,-1.9024,-1.9056,-1.92,-1.9268,-1.9368,-1.9464,-1.9516,-1.952,-1.9592,-1.9616,-1.9644,-1.9668,-1.9676,-1.968,-1.9676,-1.9684,-1.9688,-1.97,-1.9704,-1.9712,-1.972,-1.972,-1.974,-1.9748,-1.9752
-0.1212,-0.102,-0.1196,-0.1096,-0.1092,-0.1176,-0.134,-0.1468,-0.1292,-0.1592,-0.1288,-0.15,-0.1736,-0.1428,-0.1856,-0.1692,-0.1952,-0.1756,-0.1808,-0.1928,-0.21,-0.2284,-0.2224,-0.2348,-0.258,-0.2484,-0.2672,-0.2956,-0.2748,-0.2912,-0.322,-0.3272,-0.3116,-0.364,-0.378,-0.3752,-0.384,-0.4144,-0.4464,-0.4648,-0.4736,-0.4788,-0.554,-0.5368,-0.5896,-0.6104,-0.6484,-0.6884,-0.718,-0.7296,-0.8224,-0.8092,-0.8924,-0.882,-0.9604,-1.028,-1.0688,-1.162,-1.2452,-1.3356,-1.4276,-1.4824,-1.55,-1.602,-1.6652,-1.7156,-1.7312,-1.7704,-1.7816,-1.8168,-1.8292,-1.8548,-1.8732,-1.8808,-1.8988,-1.906,-1.914,-1.92,-1.9224,-1.9228,-1.9352,-1.9356,-1.94,-1.9424,-1.9472,-1.9512,-1.9564,-1.9588,-1.9644,-1.9664,-1.9676,-1.97,-1.9728,-1.976,-1.98,-1.9872,-1.9888,-1.99,-1.9904,-1.992
-0.1264,-0.08,-0.1236,-0.0988,-0.1048,-0.12,-0.1272,-0.1244,-0.1144,-0.1548,-0.1516,-0.1512,-0.154,-0.1576,-0.1712,-0.174,-0.1676,-0.1936,-0.1828,-0.1864,-0.206,-0.2352,-0.216,-0.2124,-0.2544,-0.2468,-0.2656,-0.2812,-0.3072,-0.2724,-0.3304,-0.3384,-0.354,-0.3504,-0.3556,-0.3664,-0.4016,-0.4236,-0.4532,-0.4716,-0.474,-0.5076,-0.5172,-0.552,-0.5832,-0.5696,-0.6312,-0.6856,-0.6988,-0.7512,-0.738,-0.8248,-0.8492,-0.9332,-0.9992,-1.0868,-1.1376,-1.1696,-1.2572,-1.3504,-1.4312,-1.4548,-1.5788,-1.6168,-1.67,-1.6968,-1.7396,-1.778,-1.8204,-1.814,-1.8224,-1.8504,-1.8592,-1.8776,-1.886,-1.898,-1.8964,-1.9088,-1.9168,-1.9168,-1.924,-1.9276,-1.9308,-1.9336,-1.936,-1.9384,-1.944,-1.948,-1.948,-1.9516,-1.9532,-1.9528,-1.9548,-1.9552,-1.9564,-1.9584,-1.9588,-1.9592,-1.9596,-1.96
-0.1244,-0.0724,-0.1248,-0.1084,-0.1224,-0.1224,-0.1304,-0.1584,-0.118,-0.1232,-0.1412,-0.1628,-0.1716,-0.1512,-0.178,-0.1472,-0.1608,-0.2012,-0.1884,-0.168,-0.2388,-0.2184,-0.2364,-0.2144,-0.2392,-0.2692,-0.2852,-0.27,-0.3104,-0.3072,-0.3024,-0.3316,-0.3552,-0.3504,-0.3792,-0.4032,-0.4156,-0.4408,-0.4852,-0.4784,-0.4884,-0.4732,-0.5528,-0.508,-0.5516,-0.6228,-0.6544,-0.6616,-0.736,-0.7388,-0.7972,-0.8308,-0.8572,-0.8916,-0.9728,-1.0176,-1.0828,-1.1452,-1.2192,-1.296,-1.3904,-1.4256,-1.4964,-1.5292,-1.5912,-1.6224,-1.6804,-1.7132,-1.7392,-1.7788,-1.7856,-1.8,-1.8272,-1.8336,-1.8496,-1.8524,-1.8568,-1.8652,-1.8764,-1.8768,-1.8824,-1.8872,-1.8868,-1.8928,-1.896,-1.8968,-1.8964,-1.8996,-1.9024,-1.9076,-1.9092,-1.9104,-1.9128,-1.9148,-1.9164,-1.9172,-1.9176,-1.9188,-1.9188,-1.9196
-0.1152,-0.1128,-0.1124,-0.1128,-0.1376,-0.096,-0.1252,-0.1136,-0.118,-0.1404,-0.1168,-0.1572,-0.1604,-0.158,-0.172,-0.18,-0.1512,-0.1972,-0.2,-0.2116,-0.2128,-0.2092,-0.2468,-0.2044,-0.2588,-0.2652,-0.2732,-0.2812,-0.2972,-0.3128,-0.3024,-0.3088,-0.3428,-0.362,-0.3544,-0.4056,-0.3952,-0.414,-0.4288,-0.4604,-0.4952,-0.5008,-0.514,-0.5472,-0.584,-0.6184,-0.644,-0.686,-0.7176,-0.6784,-0.8044,-0.8316,-0.8656,-0.9288,-0.9984,-1.0532,-1.058,-1.1372,-1.2024,-1.2768,-1.3712,-1.4352,-1.536,-1.5684,-1.632,-1.6744,-1.7036,-1.7396,-1.7404,-1.7776,-1.7988,-1.8124,-1.826,-1.8412,-1.8608,-1.8676,-1.8732,-1.8764,-1.8868,-1.888,-1.89,-1.8956,-1.8956,-1.896,-1.9004,-1.9032,-1.9048,-1.91,-1.9112,-1.9096,-1.9136,-1.9156,-1.9156,-1.9176,-1.9184,-1.92,-1.9216,-1.9224,-1.9228,-1.9232
-0.1156,-0.0912,-0.1288,-0.1336,-0.1028,-0.1272,-0.1024,-0.1396,-0.1248,-0.1396,-0.1616,-0.1244,-0.1464,-0.1296,-0.1728,-0.1764,-0.1972,-0.1968,-0.1752,-0.1888,-0.2076,-0.2256,-0.2384,-0.2436,-0.2732,-0.2712,-0.2944,-0.3124,-0.2892,-0.3032,-0.2952,-0.3412,-0.3364,-0.334,-0.382,-0.3928,-0.4064,-0.4348,-0.4288,-0.4836,-0.5136,-0.4744,-0.5512,-0.5448,-0.5876,-0.5964,-0.6292,-0.6892,-0.722,-0.722,-0.7924,-0.828,-0.846,-0.888,-0.9956,-1.0256,-1.0996,-1.178,-1.2584,-1.33,-1.3908,-1.4316,-1.5304,-1.5992,-1.6672,-1.72,-1.7324,-1.7304,-1.786,-1.7956,-1.834,-1.8516,-1.8612,-1.8752,-1.8908,-1.8972,-1.898,-1.9084,-1.9112,-1.9208,-1.924,-1.9232,-1.928,-1.9284,-1.9324,-1.9356,-1.9372,-1.9396,-1.9408,-1.9424,-1.9428,-1.9436,-1.9444,-1.9452,-1.9464,-1.9464,-1.9488,-1.9492,-1.9504,-1.9512
-0.12,-0.1084,-0.1252,-0.1284,-0.1224,-0.1296,-0.1152,-0.1124,-0.1424,-0.1536,-0.132,-0.13,-0.14,-0.1736,-0.15,-0.1864,-0.1592,-0.1896,-0.2116,-0.2288,-0.24,-0.23,-0.2304,-0.2348,-0.2396,-0.2616,-0.2744,-0.2792,-0.2836,-0.3,-0.3188,-0.3272,-0.3432,-0.34,-0.3704,-0.3772,-0.4096,-0.4068,-0.4488,-0.4892,-0.4968,-0.5268,-0.5284,-0.5392,-0.5776,-0.5828,-0.6324,-0.662,-0.7008,-0.7176,-0.7748,-0.816,-0.8656,-0.9196,-0.9572,-1.0372,-1.0908,-1.182,-1.2108,-1.3024,-1.4316,-1.472,-1.5316,-1.6096,-1.6288,-1.69,-1.7164,-1.7684,-1.7828,-1.7968,-1.8272,-1.8448,-1.8552,-1.8712,-1.8864,-1.8884,-1.8916,-1.8916,-1.902,-1.9124,-1.9152,-1.914,-1.9184,-1.9188,-1.9248,-1.924,-1.9268,-1.9268,-1.9316,-1.9328,-1.9328,-1.9352,-1.9372,-1.9368,-1.9388,-1.9404,-1.94,-1.9408,-1.9408,-1.942
-0.1024,-0.09,-0.1408,-0.122,-0.122,-0.124,-0.144,-0.1212,-0.1492,-0.1408,-0.144,-0.1388,-0.1524,-0.1684,-0.172,-0.1956,-0.1764,-0.2064,-0.196,-0.202,-0.2288,-0.2244,-0.234,-0.2584,-0.2456,-0.2656,-0.2824,-0.282,-0.2824,-0.2808,-0.3276,-0.314,-0.3272,-0.3532,-0.386,-0.3824,-0.3908,-0.4148,-0.4436,-0.4728,-0.5036,-0.4892,-0.514,-0.556,-0.5932,-0.5964,-0.606,-0.6548,-0.7272,-0.762,-0.7824,-0.8348,-0.8536,-0.932,-0.9828,-1.0272,-1.1112,-1.148,-1.2116,-1.3124,-1.3864,-1.452,-1.5736,-1.6124,-1.6656,-1.6992,-1.7304,-1.782,-1.7844,-1.8128,-1.822,-1.8436,-1.8672,-1.8708,-1.882,-1.9,-1.8992,-1.894,-1.9104,-1.9116,-1.916,-1.9192,-1.9192,-1.9248,-1.9276,-1.9296,-1.9308,-1.9308,-1.932,-1.9324,-1.9328,-1.934,-1.9364,-1.9368,-1.9368,-1.9384,-1.9392,-1.94,-1.9412,-1.9412
-0.0928,-0.1112,-0.098,-0.088,-0.1472,-0.1256,-0.1324,-0.1204,-0.1156,-0.1428,-0.1572,-0.1584,-0.1524,-0.1748,-0.1712,-0.1788,-0.1732,-0.1956,-0.1952,-0.2036,-0.2284,-0.2292,-0.214,-0.2528,-0.2292,-0.2728,-0.2572,-0.2792,-0.2892,-0.3176,-0.3124,-0.2976,-0.3564,-0.3424,-0.3616,-0.3668,-0.4112,-0.4288,-0.4368,-0.482,-0.4704,-0.4848,-0.5128,-0.5548,-0.6052,-0.6092,-0.6488,-0.6708,-0.6716,-0.7668,-0.7404,-0.8004,-0.9004,-0.9192,-0.9588,-1.0728,-1.0764,-1.1776,-1.2176,-1.3192,-1.398,-1.4676,-1.5428,-1.5712,-1.6396,-1.6768,-1.7072,-1.754,-1.7808,-1.8,-1.8164,-1.8348,-1.8424,-1.8492,-1.862,-1.8656,-1.8792,-1.8876,-1.9,-1.8992,-1.9036,-1.9104,-1.9108,-1.9096,-1.9156,-1.9176,-1.922,-1.9272,-1.93,-1.9296,-1.9328,-1.9352,-1.936,-1.9364,-1.9372,-1.9384,-1.9396,-1.9396,-1.94,-1.9408
-0.1136,-0.122,-0.124,-0.1088,-0.1128,-0.112,-0.1388,-0.1568,-0.1232,-0.1668,-0.1444,-0.1556,-0.18,-0.1852,-0.1604,-0.174,-0.1752,-0.1452,-0.1684,-0.2228,-0.2264,-0.2332,-0.2424,-0.222,-0.252,-0.2476,-0.258,-0.2708,-0.3012,-0.3196,-0.3104,-0.3344,-0.3468,-0.3828,-0.3928,-0.3784,-0.4064,-0.4216,-0.45,-0.4756,-0.4912,-0.5088,-0.5292,-0.6104,-0.5896,-0.5784,-0.6404,-0.6552,-0.6888,-0.7344,-0.7904,-0.8028,-0.896,-0.89,-1.0048,-1.034,-1.078,-1.2052,-1.2548,-1.29,-1.38,-1.4272,-1.4804,-1.5896,-1.6392,-1.662,-1.704,-1.7344,-1.7808,-1.7812,-1.8164,-1.8236,-1.834,-1.8452,-1.8624,-1.872,-1.8832,-1.8852,-1.8992,-1.9088,-1.9112,-1.9176,-1.9188,-1.9248,-1.9284,-1.9328,-1.938,-1.9376,-1.94,-1.942,-1.9428,-1.9436,-1.9448,-1.9448,-1.9456,-1.9476,-1.9484,-1.9484,-1.9492,-1.9492
-0.0752,-0.1272,-0.0976,-0.1216,-0.1204,-0.1124,-0.112,-0.1344,-0.146,-0.13,-0.1456,-0.1728,-0.1788,-0.1372,-0.1728,-0.1748,-0.1784,-0.1808,-0.2052,-0.1992,-0.2344,-0.2276,-0.2056,-0.2252,-0.2184,-0.2568,-0.238,-0.2736,-0.2708,-0.304,-0.308,-0.3064,-0.316,-0.36,-0.3504,-0.3936,-0.4212,-0.4456,-0.4384,-0.4612,-0.454,-0.4948,-0.5248,-0.5256,-0.5512,-0.5828,-0.6248,-0.6896,-0.6836,-0.746,-0.7916,-0.794,-0.884,-0.9168,-0.986,-1.0284,-1.124,-1.1836,-1.2424,-1.2904,-1.3964,-1.4764,-1.5464,-1.5984,-1.6328,-1.6856,-1.7508,-1.7932,-1.8096,-1.8208,-1.8456,-1.8564,-1.8776,-1.8744,-1.8904,-1.8864,-1.8972,-1.9064,-1.9064,-1.9068,-1.9076,-1.9136,-1.9184,-1.9184,-1.9228,-1.9208,-1.9244,-1.9276,-1.9288,-1.9304,-1.9308,-1.9304,-1.9312,-1.9308,-1.9296,-1.9316,-1.9332,-1.934,-1.934,-1.9344
