0.1,-0.052000000000000005,-0.07744,-0.08176000000000001,-0.0784,-0.06112000000000001,-0.08208,-0.07536000000000001,-0.04704000000000001,-0.06784,-0.06464,-0.039839999999999993,-0.08048,-0.07632,-0.08480000000000001,-0.051519999999999996,-0.05232,-0.05616,-0.06096,-0.060320000000000006,-0.05552,-0.05088,-0.05295999999999999,-0.04351999999999999,-0.05264,-0.0536,-0.06336,-0.06384000000000001,-0.07168,-0.04688,-0.05616,-0.06432,-0.04176,-0.061119999999999994,-0.06224000000000002,-0.04560000000000001,-0.04528,-0.061759999999999995,-0.04256,-0.05184,-0.06352,-0.055360000000000006,-0.0512,-0.06272,-0.06656,-0.021599999999999998,-0.037919999999999995,-0.05344,-0.055999999999999994,-0.04128
0.1030722406522087,-0.10064000000000002,-0.10096000000000001,-0.09504000000000001,-0.09936,-0.09568000000000002,-0.09487999999999999,-0.07504,-0.09152000000000002,-0.10576,-0.09008000000000002,-0.10655999999999999,-0.11376,-0.11328,-0.0864,-0.0832,-0.08815999999999999,-0.08336000000000002,-0.08592000000000001,-0.07839999999999998,-0.0864,-0.0976,-0.10079999999999997,-0.09967999999999999,-0.08608,-0.09504,-0.09391999999999999,-0.10895999999999999,-0.09776,-0.08448,-0.07424,-0.08399999999999999,-0.10288,-0.08943999999999999,-0.10303999999999999,-0.10207999999999999,-0.09231999999999999,-0.09536,-0.08032,-0.09984000000000001,-0.0936,-0.08752,-0.08624,-0.08864,-0.0816,-0.08112,-0.08896000000000001,-0.10111999999999999,-0.09472,-0.07824
0.10623886793066822,-0.10751999999999999,-0.10351999999999999,-0.11456,-0.11535999999999999,-0.10640000000000001,-0.10512000000000002,-0.09712000000000001,-0.10031999999999999,-0.11168,-0.10495999999999998,-0.09456,-0.09599999999999999,-0.1032,-0.10047999999999999,-0.11792,-0.10128000000000001,-0.09984000000000001,-0.10512000000000002,-0.10912,-0.10352000000000001,-0.10015999999999999,-0.11023999999999998,-0.10192000000000001,-0.12352,-0.09904,-0.09984,-0.08975999999999999,-0.11856000000000003,-0.11104,-0.09552000000000001,-0.09376,-0.10511999999999999,-0.10176,-0.11264,-0.10735999999999998,-0.08959999999999999,-0.09487999999999999,-0.10863999999999999,-0.11695999999999998,-0.09024,-0.10511999999999999,-0.10752000000000002,-0.10335999999999998,-0.09775999999999999,-0.10032,-0.11039999999999998,-0.09856,-0.11823999999999998,-0.10512000000000002
0.10950278161968055,-0.11503999999999999,-0.1056,-0.11535999999999999,-0.09872,-0.09855999999999998,-0.11376000000000001,-0.10688,-0.10768,-0.11344000000000001,-0.10512000000000002,-0.11599999999999999,-0.11727999999999998,-0.10400000000000001,-0.1176,-0.11168,-0.12127999999999999,-0.11328,-0.10271999999999999,-0.11168000000000003,-0.11328000000000002,-0.1056,-0.11232,-0.1352,-0.11328,-0.10928,-0.11200000000000002,-0.10303999999999999,-0.10368000000000002,-0.0984,-0.11743999999999999,-0.09104,-0.11648,-0.10096000000000001,-0.11792,-0.10896000000000002,-0.10848000000000002,-0.084,-0.11312,-0.10991999999999999,-0.10608,-0.11008,-0.09792,-0.10415999999999999,-0.11552,-0.1,-0.10096000000000001,-0.1056,-0.11264000000000003,-0.11328
0.11286697059189968,-0.11696,-0.12448000000000001,-0.1152,-0.11888000000000001,-0.10736000000000001,-0.10416,-0.11792,-0.11152,-0.11887999999999999,-0.10415999999999999,-0.1176,-0.11487999999999998,-0.11600000000000002,-0.11408,-0.12368000000000001,-0.12415999999999998,-0.11264,-0.12047999999999999,-0.11456,-0.1056,-0.12592000000000003,-0.11023999999999998,-0.11072000000000001,-0.11791999999999998,-0.10432,-0.11168,-0.12160000000000001,-0.10224,-0.09664,-0.11296000000000002,-0.10000000000000002,-0.12512,-0.12080000000000002,-0.11152000000000002,-0.11232000000000002,-0.11535999999999999,-0.09456,-0.12032000000000001,-0.10800000000000001,-0.09376,-0.1024,-0.10447999999999999,-0.1008,-0.10624,-0.10736000000000001,-0.10224,-0.12944,-0.12416,-0.10288000000000001
0.11633451554534047,-0.11055999999999999,-0.124,-0.11824000000000001,-0.10943999999999998,-0.10496000000000001,-0.1224,-0.11328,-0.10784,-0.11936,-0.11984000000000002,-0.12208,-0.11648,-0.12431999999999999,-0.12864,-0.12336,-0.12479999999999998,-0.12016,-0.11599999999999999,-0.11343999999999999,-0.10752000000000002,-0.12351999999999999,-0.11136000000000001,-0.12192,-0.11423999999999998,-0.12432000000000001,-0.10111999999999999,-0.1216,-0.1032,-0.11216,-0.12768,-0.11408,-0.13504,-0.11184000000000001,-0.12143999999999999,-0.13552,-0.11392,-0.1024,-0.10688,-0.12896000000000002,-0.12192,-0.11088,-0.12191999999999999,-0.11567999999999998,-0.1256,-0.10032,-0.11376,-0.12128000000000001,-0.1192,-0.10176
0.11990859182447446,-0.11359999999999999,-0.11088,-0.13744,-0.11280000000000001,-0.10511999999999999,-0.11952,-0.12639999999999998,-0.1,-0.11808,-0.11040000000000001,-0.1248,-0.12847999999999998,-0.11472000000000002,-0.1024,-0.1416,-0.13568000000000002,-0.12735999999999997,-0.12399999999999997,-0.11104,-0.11535999999999999,-0.11343999999999999,-0.1264,-0.1216,-0.128,-0.11712,-0.12527999999999997,-0.14575999999999997,-0.11295999999999999,-0.11504,-0.11440000000000002,-0.13184,-0.11503999999999999,-0.10928000000000002,-0.12608,-0.10047999999999999,-0.13312000000000002,-0.136,-0.12896000000000002,-0.1176,-0.12288000000000002,-0.11328,-0.11488000000000001,-0.11488000000000002,-0.10928,-0.12240000000000002,-0.1176,-0.11807999999999999,-0.13488,-0.1096
0.12359247232799697,-0.11535999999999999,-0.12287999999999999,-0.11664000000000001,-0.1304,-0.12591999999999998,-0.13008000000000003,-0.12288000000000002,-0.13152,-0.11696,-0.13696,-0.13776000000000002,-0.12336,-0.10944000000000001,-0.13727999999999999,-0.1232,-0.13312,-0.10832,-0.11679999999999999,-0.11200000000000002,-0.12352,-0.12976000000000001,-0.12608000000000003,-0.13599999999999998,-0.13232,-0.12576,-0.12352,-0.11664,-0.13136,-0.13135999999999998,-0.11695999999999998,-0.12224000000000002,-0.11648,-0.11952,-0.12208000000000001,-0.12784,-0.13040000000000002,-0.11616,-0.13936000000000004,-0.11424000000000001,-0.13599999999999998,-0.11168,-0.11792,-0.13184,-0.13712,-0.13168,-0.11407999999999999,-0.12575999999999998,-0.12,-0.11472
0.1273895305059275,-0.12112,-0.12032000000000001,-0.1384,-0.132,-0.12816,-0.11104,-0.12832,-0.12608000000000003,-0.12335999999999998,-0.12320000000000002,-0.12880000000000003,-0.11792,-0.12736,-0.1288,-0.12256000000000003,-0.12592,-0.1448,-0.14079999999999998,-0.12816,-0.1384,-0.12304000000000001,-0.13760000000000003,-0.1112,-0.12383999999999999,-0.12544000000000002,-0.11968000000000001,-0.13567999999999997,-0.12528,-0.13888,-0.13376,-0.12592,-0.12416,-0.14064,-0.10912,-0.128,-0.11696000000000002,-0.1336,-0.11295999999999999,-0.12592,-0.12031999999999998,-0.13552,-0.1288,-0.12464,-0.12879999999999997,-0.12656,-0.13248,-0.12096000000000003,-0.13152,-0.12495999999999999
0.13130324344878838,-0.11856000000000003,-0.11808,-0.13856,-0.13455999999999996,-0.13407999999999998,-0.12864,-0.12480000000000002,-0.13696,-0.1264,-0.13104,-0.14192,-0.1336,-0.14064,-0.13472,-0.13664,-0.14608,-0.12416,-0.13856,-0.13696,-0.13424,-0.12864,-0.12592,-0.12911999999999998,-0.13136,-0.13679999999999998,-0.11856,-0.12991999999999998,-0.13567999999999997,-0.13488,-0.13216,-0.14207999999999998,-0.14256000000000002,-0.12672,-0.13136,-0.11135999999999999,-0.12304,-0.13424,-0.11903999999999999,-0.12704,-0.1288,-0.14032000000000003,-0.13184,-0.14192,-0.13792,-0.14496,-0.14512,-0.11984000000000002,-0.13504,-0.12064000000000001
0.13533719507169062,-0.13823999999999997,-0.14192,-0.13264,-0.13072,-0.13744,-0.14207999999999998,-0.13183999999999998,-0.12672,-0.13487999999999997,-0.13120000000000004,-0.15408000000000002,-0.13024,-0.14528,-0.13023999999999997,-0.14975999999999998,-0.13376,-0.12223999999999999,-0.14,-0.13840000000000002,-0.13135999999999998,-0.13216,-0.13504,-0.13328,-0.13391999999999998,-0.14303999999999997,-0.10768,-0.12576,-0.14592,-0.14367999999999997,-0.12704,-0.1392,-0.14416,-0.13344,-0.13472,-0.12704,-0.14208,-0.13216,-0.11183999999999998,-0.14416,-0.12624,-0.14704,-0.12832000000000002,-0.13648,-0.1288,-0.13424,-0.13824,-0.14464,-0.13183999999999998,-0.14064000000000002
0.1394950793962421,-0.13200000000000003,-0.12624,-0.14031999999999997,-0.14304,-0.14464,-0.14911999999999997,-0.14576,-0.13535999999999998,-0.13696,-0.14287999999999998,-0.14784000000000003,-0.15072000000000002,-0.152,-0.13535999999999998,-0.13263999999999998,-0.1304,-0.13840000000000002,-0.13824,-0.1248,-0.13520000000000001,-0.13232,-0.15471999999999997,-0.15263999999999997,-0.1416,-0.13312000000000002,-0.14751999999999998,-0.14512000000000005,-0.14,-0.13599999999999998,-0.14575999999999997,-0.13871999999999998,-0.14048,-0.12960000000000002,-0.14912,-0.14352000000000004,-0.13760000000000003,-0.13824,-0.12016,-0.14048,-0.14400000000000004,-0.15023999999999998,-0.12752,-0.14431999999999998,-0.15023999999999998,-0.13248000000000001,-0.1488,-0.12688000000000002,-0.1496,-0.13152
0.14378070393328424,-0.15583999999999998,-0.13743999999999998,-0.14384000000000002,-0.15088,-0.14384,-0.1256,-0.16592,-0.15232,-0.15456000000000003,-0.13984000000000002,-0.15088000000000001,-0.13696000000000003,-0.13760000000000003,-0.13728,-0.14559999999999998,-0.15295999999999998,-0.13664,-0.13823999999999997,-0.14496,-0.13328,-0.13888,-0.14095999999999997,-0.13296000000000002,-0.15791999999999998,-0.13504,-0.1472,-0.13552,-0.15711999999999998,-0.14223999999999998,-0.13152,-0.14736,-0.15504,-0.13232000000000002,-0.15152,-0.14496000000000003,-0.148,-0.13487999999999997,-0.13216,-0.13952,-0.14224,-0.12495999999999999,-0.13888000000000003,-0.13855999999999996,-0.15264,-0.14096,-0.16608,-0.14192000000000002,-0.13888,-0.12592
0.14819799316955445,-0.13888,-0.1584,-0.16224,-0.12864000000000003,-0.15504,-0.14432,-0.16352,-0.144,-0.15375999999999995,-0.1472,-0.1384,-0.15088000000000001,-0.14928,-0.15199999999999997,-0.14432,-0.156,-0.14880000000000002,-0.15728,-0.16032,-0.14751999999999998,-0.14304,-0.14576000000000003,-0.15103999999999998,-0.1512,-0.152,-0.14864,-0.1464,-0.14175999999999997,-0.15056,-0.15088,-0.16128,-0.15904000000000001,-0.15647999999999998,-0.15088,-0.16096,-0.16432,-0.15216,-0.14256,-0.13984,-0.14479999999999998,-0.14464,-0.1328,-0.15072000000000002,-0.15424,-0.1528,-0.15824,-0.13584000000000002,-0.1456,-0.12784
0.15275099216146698,-0.15344000000000002,-0.15376,-0.15375999999999998,-0.14992,-0.17136,-0.15184,-0.15295999999999998,-0.15567999999999999,-0.15360000000000001,-0.13808,-0.14112000000000002,-0.14736,-0.15664,-0.14336,-0.16336,-0.15311999999999998,-0.14816000000000001,-0.17088,-0.1648,-0.1728,-0.15504,-0.16128,-0.14240000000000003,-0.15664,-0.15392,-0.15808,-0.16288,-0.1488,-0.14816,-0.15088000000000001,-0.15728,-0.15999999999999998,-0.16768,-0.15952000000000002,-0.14944,-0.15552,-0.15728,-0.1416,-0.14944,-0.1568,-0.152,-0.13232,-0.15023999999999998,-0.1456,-0.1512,-0.15104,-0.14368,-0.1472,-0.14672000000000002
0.15744387023930367,-0.17328000000000002,-0.17504,-0.16640000000000005,-0.15952,-0.15023999999999998,-0.16576,-0.15663999999999997,-0.176,-0.15584,-0.14496000000000003,-0.17824,-0.164,-0.16384,-0.15184000000000003,-0.15008,-0.16192,-0.16736,-0.17071999999999998,-0.17328000000000005,-0.15519999999999998,-0.1568,-0.16255999999999998,-0.13728,-0.15312,-0.15104,-0.15216,-0.15487999999999996,-0.13856,-0.17760000000000004,-0.15552000000000002,-0.16336,-0.1696,-0.16143999999999997,-0.1584,-0.15552000000000002,-0.1616,-0.15808,-0.14672000000000002,-0.132,-0.16192,-0.16224,-0.1528,-0.15808,-0.1584,-0.16319999999999998,-0.16048,-0.1608,-0.15856,-0.16176
0.16228092482520629,-0.17056,-0.1512,-0.16863999999999996,-0.16128,-0.18095999999999998,-0.16208000000000003,-0.16111999999999999,-0.15616000000000002,-0.16304000000000002,-0.14767999999999998,-0.16432000000000002,-0.15552000000000002,-0.16144000000000003,-0.16528,-0.16528000000000004,-0.16624,-0.16431999999999997,-0.16624,-0.17295999999999995,-0.1504,-0.14975999999999998,-0.17183999999999996,-0.16096,-0.15584000000000003,-0.1608,-0.15663999999999997,-0.17808,-0.1456,-0.16975999999999997,-0.16928,-0.17407999999999996,-0.16655999999999999,-0.16992,-0.16224,-0.15904000000000001,-0.16192,-0.15312,-0.16287999999999997,-0.15311999999999998,-0.1392,-0.17264,-0.16112,-0.15744000000000002,-0.15231999999999998,-0.16192,-0.16384,-0.17216,-0.16224,-0.15088000000000001
0.16726658536846653,-0.17040000000000002,-0.15472000000000002,-0.18127999999999997,-0.16655999999999999,-0.15424,-0.16848,-0.15072000000000002,-0.16255999999999998,-0.16560000000000002,-0.16160000000000002,-0.16432,-0.17248000000000002,-0.17279999999999998,-0.16272000000000003,-0.1696,-0.17839999999999998,-0.1552,-0.1608,-0.16528,-0.15296,-0.16176,-0.16672000000000003,-0.16047999999999998,-0.17424,-0.17631999999999998,-0.1648,-0.18256,-0.15760000000000002,-0.16064,-0.15808000000000003,-0.176,-0.18,-0.17536000000000002,-0.15824,-0.16640000000000002,-0.17504,-0.16272000000000003,-0.1576,-0.18768,-0.16448000000000002,-0.16687999999999997,-0.14767999999999998,-0.16399999999999998,-0.18000000000000005,-0.17887999999999998,-0.16848000000000002,-0.17920000000000003,-0.16944,-0.15839999999999999
0.17240541740171791,-0.16816,-0.1744,-0.17424,-0.17264000000000002,-0.17072,-0.16416,-0.16736,-0.17536000000000002,-0.19552000000000003,-0.16127999999999998,-0.17951999999999999,-0.16992,-0.184,-0.16512,-0.18032,-0.17568,-0.17456000000000002,-0.16688,-0.17936000000000002,-0.18527999999999997,-0.16048,-0.16192,-0.16416,-0.18111999999999998,-0.18159999999999998,-0.18496,-0.18463999999999997,-0.16655999999999999,-0.17248000000000002,-0.17632,-0.16624,-0.16096,-0.172,-0.16960000000000003,-0.17296,-0.17648000000000003,-0.1792,-0.17311999999999997,-0.16848,-0.16512,-0.17776,-0.1608,-0.17151999999999998,-0.18927999999999998,-0.19055999999999998,-0.16751999999999997,-0.17376,-0.17231999999999997,-0.16208
0.1777021267217436,-0.18560000000000001,-0.16256,-0.18480000000000002,-0.18304,-0.16960000000000003,-0.18368,-0.18208,-0.1752,-0.16896,-0.18656,-0.16304,-0.1816,-0.19488,-0.1776,-0.18816000000000002,-0.18384,-0.1824,-0.16768,-0.16864,-0.18,-0.17407999999999998,-0.17695999999999998,-0.17536000000000002,-0.19328,-0.17551999999999998,-0.172,-0.18992,-0.16608,-0.17103999999999997,-0.17328000000000002,-0.17264000000000002,-0.17136,-0.17584000000000002,-0.18495999999999996,-0.17759999999999998,-0.164,-0.17423999999999998,-0.16832000000000003,-0.18736,-0.17984,-0.17408,-0.18431999999999998,-0.16432,-0.18960000000000002,-0.19216000000000003,-0.17216,-0.17232,-0.17408,-0.17296000000000003
0.18316156369872838,-0.18048,-0.1816,-0.17248000000000002,-0.2008,-0.17392000000000005,-0.18975999999999998,-0.18095999999999998,-0.188,-0.18656,-0.17584000000000002,-0.19392,-0.18496,-0.19584000000000001,-0.16591999999999998,-0.19199999999999998,-0.16576000000000002,-0.18192,-0.16607999999999998,-0.18751999999999996,-0.1928,-0.1904,-0.17616,-0.19183999999999998,-0.18992000000000003,-0.18416,-0.18480000000000002,-0.1752,-0.16512,-0.17552,-0.17904,-0.17648,-0.16544,-0.17824,-0.1944,-0.18496,-0.17984,-0.16383999999999999,-0.18303999999999998,-0.16736,-0.17951999999999999,-0.19008,-0.17168,-0.18128,-0.18368,-0.1992,-0.16351999999999997,-0.16576000000000002,-0.196,-0.18816
0.18878872771790187,-0.18944,-0.18719999999999998,-0.19216,-0.20288,-0.19056,-0.2024,-0.16528,-0.19679999999999995,-0.19088000000000002,-0.20256000000000002,-0.20335999999999999,-0.18656,-0.18624000000000002,-0.19072,-0.18527999999999997,-0.16592,-0.18863999999999997,-0.20064,-0.18864000000000003,-0.19039999999999999,-0.19263999999999998,-0.18464000000000005,-0.19744,-0.19888,-0.1968,-0.18527999999999997,-0.18719999999999998,-0.18431999999999998,-0.19328,-0.20144,-0.19056,-0.17856,-0.19471999999999998,-0.19568,-0.2024,-0.18704,-0.18431999999999998,-0.18944,-0.18383999999999998,-0.17648000000000003,-0.19104000000000002,-0.18912,-0.19104000000000002,-0.1856,-0.19439999999999996,-0.17952,-0.1832,-0.19024000000000002,-0.19119999999999998
0.19458877175763883,-0.17872000000000002,-0.20703999999999997,-0.19856,-0.19584,-0.2016,-0.20415999999999998,-0.1928,-0.19664,-0.19744,-0.19808,-0.22208,-0.19568000000000002,-0.18208,-0.1896,-0.20096000000000003,-0.1952,-0.20176,-0.2024,-0.19168,-0.19136,-0.19823999999999997,-0.19615999999999997,-0.20592000000000002,-0.19232,-0.19488,-0.18288000000000001,-0.19872,-0.18527999999999997,-0.19344000000000003,-0.19327999999999998,-0.2032,-0.19551999999999997,-0.1944,-0.20592000000000002,-0.20352,-0.18880000000000002,-0.20207999999999998,-0.17887999999999998,-0.19680000000000003,-0.18624,-0.21023999999999998,-0.17376,-0.19984,-0.18784,-0.19872,-0.18656,-0.20207999999999998,-0.19904000000000002,-0.19184
0.20056700710821065,-0.20495999999999998,-0.21023999999999998,-0.21711999999999998,-0.18319999999999997,-0.2,-0.2136,-0.21008,-0.20368000000000003,-0.20207999999999998,-0.20112000000000002,-0.2088,-0.20464000000000002,-0.19472000000000003,-0.19632,-0.2056,-0.18928,-0.19199999999999998,-0.21776,-0.19072000000000003,-0.20864000000000002,-0.2072,-0.20176,-0.19568000000000002,-0.20656,-0.18879999999999997,-0.21888000000000005,-0.18928,-0.1928,-0.20335999999999999,-0.19744,-0.19008,-0.20192000000000002,-0.20991999999999997,-0.21744,-0.19648000000000004,-0.18847999999999998,-0.20384000000000002,-0.19903999999999997,-0.20879999999999996,-0.20144,-0.20288000000000003,-0.19664,-0.21264000000000002,-0.20032,-0.21296000000000004,-0.19839999999999997,-0.21023999999999998,-0.20095999999999997,-0.2272
0.2067289082355074,-0.20768,-0.20496000000000003,-0.21008,-0.21423999999999999,-0.21392000000000003,-0.21312000000000003,-0.20927999999999997,-0.18736,-0.21487999999999996,-0.2136,-0.196,-0.20448,-0.20704000000000003,-0.20688,-0.20128000000000004,-0.21599999999999997,-0.19584,-0.21103999999999998,-0.19472000000000003,-0.20096000000000003,-0.2088,-0.21423999999999999,-0.19984000000000002,-0.21664,-0.21552,-0.2312,-0.21391999999999997,-0.18463999999999997,-0.21456000000000003,-0.19648,-0.20992000000000002,-0.19856000000000001,-0.20815999999999998,-0.20048,-0.20576000000000003,-0.22687999999999997,-0.22096,-0.20767999999999995,-0.20832,-0.20576000000000003,-0.21088,-0.20095999999999997,-0.21392000000000003,-0.20944000000000002,-0.21024000000000004,-0.19696,-0.20528,-0.20432,-0.21648
0.21308011779418592,-0.21168,-0.2152,-0.21807999999999997,-0.23647999999999997,-0.21328,-0.2104,-0.20832,-0.22944000000000003,-0.2344,-0.2184,-0.20576,-0.22208,-0.20656000000000002,-0.21136,-0.23215999999999998,-0.21616,-0.20368,-0.19968,-0.21503999999999998,-0.21136,-0.22832,-0.23855999999999997,-0.20512000000000002,-0.22048,-0.22047999999999995,-0.21808,-0.21568,-0.21423999999999999,-0.21183999999999997,-0.2136,-0.22976000000000002,-0.21583999999999998,-0.2232,-0.21376,-0.21344,-0.22752,-0.20256,-0.21167999999999995,-0.20495999999999998,-0.22399999999999998,-0.21968000000000001,-0.19376000000000002,-0.21344000000000002,-0.22111999999999998,-0.23647999999999997,-0.2112,-0.21983999999999998,-0.21503999999999998,-0.20848
0.21962645179483306,-0.22048,-0.21616,-0.22624,-0.21088,-0.21423999999999999,-0.21248,-0.2104,-0.22064,-0.22656,-0.23632,-0.23040000000000002,-0.22111999999999998,-0.21791999999999997,-0.22383999999999998,-0.2136,-0.21856,-0.22736,-0.21952000000000002,-0.22895999999999997,-0.23056000000000001,-0.23376000000000002,-0.23279999999999998,-0.2096,-0.22863999999999995,-0.23520000000000002,-0.20944,-0.22383999999999998,-0.22160000000000002,-0.20928,-0.22767999999999997,-0.23104,-0.21312000000000003,-0.22367999999999996,-0.21664,-0.22016,-0.22623999999999994,-0.22576000000000002,-0.21903999999999998,-0.21632,-0.21024000000000004,-0.22976000000000002,-0.23247999999999996,-0.21456,-0.23392,-0.23904,-0.2144,-0.20688,-0.22576000000000002,-0.21903999999999998
0.22637390492987747,-0.23648000000000002,-0.22544,-0.22400000000000003,-0.22464000000000003,-0.22208,-0.2312,-0.23887999999999998,-0.23440000000000003,-0.24512,-0.24863999999999997,-0.21919999999999998,-0.22880000000000003,-0.21824,-0.22687999999999997,-0.22079999999999997,-0.22144,-0.23407999999999998,-0.25632,-0.22128,-0.21408,-0.23135999999999995,-0.2152,-0.22416,-0.22960000000000003,-0.23280000000000003,-0.22176,-0.2152,-0.23312,-0.22976000000000002,-0.23744,-0.24080000000000004,-0.22368000000000002,-0.23168000000000002,-0.22207999999999997,-0.22304,-0.24032,-0.22752,-0.22848000000000002,-0.20464000000000002,-0.22384000000000004,-0.22976000000000002,-0.23999999999999994,-0.22176,-0.2424,-0.23152,-0.23184,-0.22559999999999997,-0.24,-0.21680000000000002
0.23332865606312547,-0.25392000000000003,-0.24352000000000001,-0.25264000000000003,-0.2472,-0.23615999999999998,-0.22800000000000004,-0.23471999999999998,-0.23984,-0.22927999999999998,-0.24639999999999995,-0.2464,-0.23760000000000003,-0.22959999999999997,-0.24864000000000003,-0.22848000000000002,-0.24767999999999998,-0.25136,-0.24528,-0.23471999999999998,-0.22879999999999998,-0.24623999999999996,-0.24672,-0.24559999999999998,-0.22928,-0.23760000000000003,-0.22848000000000002,-0.23567999999999997,-0.22896,-0.23887999999999998,-0.23679999999999998,-0.24752000000000002,-0.248,-0.25024,-0.24176000000000003,-0.22304,-0.23215999999999998,-0.24544000000000005,-0.24352000000000001,-0.23152,-0.23920000000000002,-0.23071999999999995,-0.23696,-0.22864,-0.22464,-0.23807999999999999,-0.23136,-0.21952,-0.23887999999999998,-0.22159999999999996
0.24049707388794903,-0.26048,-0.24352000000000001,-0.24623999999999996,-0.23440000000000003,-0.25392,-0.22976000000000002,-0.25056,-0.25040000000000007,-0.25616,-0.2566400000000001,-0.24608,-0.23024,-0.2384,-0.24735999999999997,-0.24543999999999996,-0.25184,-0.23824,-0.23791999999999996,-0.24544000000000002,-0.24367999999999998,-0.24896000000000001,-0.22991999999999999,-0.24128,-0.22976000000000002,-0.23744,-0.25072,-0.23232,-0.23216000000000006,-0.24816,-0.23792,-0.2352,-0.24336000000000002,-0.2472,-0.24528,-0.24175999999999997,-0.23312,-0.24496,-0.23264000000000004,-0.24416,-0.24176000000000003,-0.24111999999999995,-0.25104,-0.24783999999999998,-0.23776000000000003,-0.24287999999999998,-0.24112,-0.22879999999999998,-0.24559999999999998,-0.23679999999999998
0.24788572275930695,-0.26367999999999997,-0.26304000000000005,-0.276,-0.23855999999999997,-0.2616,-0.25952000000000003,-0.24400000000000005,-0.26192000000000004,-0.25487999999999994,-0.2528,-0.25696,-0.2552,-0.25536,-0.24416,-0.25504000000000004,-0.26656,-0.23167999999999997,-0.25695999999999997,-0.24944000000000002,-0.26576000000000005,-0.25104,-0.25071999999999994,-0.25072,-0.25184,-0.25568,-0.23216,-0.23167999999999997,-0.23712,-0.23520000000000002,-0.24655999999999997,-0.24288000000000007,-0.26064,-0.27312,-0.25936000000000003,-0.26304000000000005,-0.24543999999999996,-0.24592000000000006,-0.24528,-0.24255999999999997,-0.24512,-0.25088000000000005,-0.25871999999999995,-0.24847999999999998,-0.24016,-0.24864000000000003,-0.24863999999999997,-0.25199999999999995,-0.24128,-0.22912
0.2555013687049397,-0.26352,-0.24976000000000004,-0.26848,-0.26608,-0.26624000000000003,-0.26639999999999997,-0.25856,-0.26,-0.25216000000000005,-0.25792000000000004,-0.26464,-0.25072,-0.2536,-0.25311999999999996,-0.25968,-0.25856,-0.26288,-0.26656,-0.25728,-0.27232,-0.26752000000000004,-0.25888,-0.268,-0.26176,-0.2508800000000001,-0.2528,-0.2528,-0.2568,-0.26176,-0.25888,-0.26783999999999997,-0.2582400000000001,-0.25248,-0.26656,-0.2672,-0.25168,-0.25808,-0.256,-0.23839999999999995,-0.24816000000000002,-0.25152,-0.26959999999999995,-0.26208,-0.25312,-0.24944000000000005,-0.24704000000000007,-0.2496,-0.25551999999999997,-0.24224
0.26335098562124254,-0.25983999999999996,-0.27199999999999996,-0.29232,-0.2552,-0.26336,-0.27759999999999996,-0.24560000000000004,-0.27984,-0.276,-0.27344,-0.2768,-0.2896,-0.27408,-0.27552000000000004,-0.26016000000000006,-0.27712,-0.276,-0.28271999999999997,-0.24816000000000002,-0.27568000000000004,-0.26176000000000005,-0.25871999999999995,-0.27136,-0.25952000000000003,-0.26687999999999995,-0.27008,-0.24879999999999997,-0.26927999999999996,-0.27152,-0.26336,-0.26816,-0.26016,-0.26463999999999993,-0.26192000000000004,-0.26656,-0.26848,-0.25632,-0.25824,-0.24671999999999997,-0.24991999999999998,-0.2504,-0.2672,-0.26448000000000005,-0.25920000000000004,-0.25728,-0.25439999999999996,-0.25264000000000003,-0.2488,-0.26799999999999996
0.27144176165949063,-0.27632,-0.27584,-0.2856,-0.2808,-0.27968,-0.27936,-0.28688,-0.28448,-0.2744,-0.27376,-0.26975999999999994,-0.27071999999999996,-0.27344,-0.2872,-0.2672,-0.27584000000000003,-0.28432,-0.29551999999999995,-0.27040000000000003,-0.27392,-0.27264000000000005,-0.27104,-0.26624000000000003,-0.26944,-0.2632,-0.29168000000000005,-0.26544,-0.28608,-0.2832,-0.27632,-0.2656,-0.26783999999999997,-0.2672,-0.27552,-0.25936000000000003,-0.27840000000000004,-0.27568000000000004,-0.27215999999999996,-0.25664,-0.26943999999999996,-0.26575999999999994,-0.26672,-0.26192,-0.27968,-0.26448,-0.26160000000000005,-0.27199999999999996,-0.25664000000000003,-0.27728
0.279781105808265,-0.28656,-0.27887999999999996,-0.29248,-0.28735999999999995,-0.28304,-0.28464,-0.27696,-0.27264,-0.28304,-0.28944,-0.28944000000000003,-0.28192,-0.28176,-0.29824000000000006,-0.30144,-0.29824,-0.2896,-0.29135999999999995,-0.28736,-0.28416,-0.29072,-0.28880000000000006,-0.27136,-0.26704000000000006,-0.28047999999999995,-0.29216,-0.29872,-0.29008,-0.28896,-0.27344,-0.28128,-0.27984,-0.28528,-0.28176,-0.28048000000000006,-0.28544,-0.25488,-0.2976,-0.26959999999999995,-0.26064,-0.26448,-0.28096,-0.29616,-0.2672,-0.28159999999999996,-0.27199999999999996,-0.27071999999999996,-0.27456,-0.27664000000000005
0.2883766546781056,-0.296,-0.29024,-0.292,-0.30416,-0.29376,-0.30160000000000003,-0.26448,-0.29152,-0.27776000000000006,-0.30224,-0.29536,-0.2976,-0.29551999999999995,-0.29632000000000003,-0.29808,-0.28992000000000007,-0.2979200000000001,-0.29712,-0.27408000000000005,-0.29359999999999997,-0.30207999999999996,-0.28768000000000005,-0.2944,-0.2864,-0.29312,-0.28384000000000004,-0.29152,-0.304,-0.28736,-0.30592,-0.31232000000000004,-0.2870400000000001,-0.28736000000000006,-0.28431999999999996,-0.28687999999999997,-0.29856000000000005,-0.27359999999999995,-0.28863999999999995,-0.28672,-0.2736,-0.27183999999999997,-0.29168,-0.27968,-0.27536,-0.28688,-0.28096000000000004,-0.26815999999999995,-0.2639999999999999,-0.27504
0.2972362794946058,-0.31327999999999995,-0.30304000000000003,-0.31551999999999997,-0.28,-0.30208,-0.30192,-0.30528,-0.2888,-0.3016,-0.32032,-0.30479999999999996,-0.28784,-0.30720000000000003,-0.2888,-0.30144,-0.31599999999999995,-0.3105599999999999,-0.29664,-0.31344000000000005,-0.30879999999999996,-0.30304000000000003,-0.29952,-0.29359999999999997,-0.30704,-0.30992000000000003,-0.3176,-0.30191999999999997,-0.29680000000000006,-0.30976000000000004,-0.30448,-0.32208,-0.29744000000000004,-0.30463999999999997,-0.2816,-0.28576,-0.30384,-0.28656000000000004,-0.29231999999999997,-0.2912,-0.26095999999999997,-0.28144,-0.29295999999999994,-0.28528000000000003,-0.29248,-0.29232,-0.28224,-0.28416,-0.28496,-0.28512
0.3063680933063518,-0.32288000000000006,-0.31168,-0.32416,-0.30016000000000004,-0.32816,-0.316,-0.32256,-0.33680000000000004,-0.3048,-0.31968,-0.31008,-0.29696,-0.32384,-0.31184,-0.3064,-0.32352,-0.31087999999999993,-0.32495999999999997,-0.30976,-0.31711999999999996,-0.30848,-0.30799999999999994,-0.28703999999999996,-0.30720000000000003,-0.32128,-0.29216,-0.30288,-0.28848,-0.30832000000000004,-0.31599999999999995,-0.3224,-0.29872000000000004,-0.31135999999999997,-0.29919999999999997,-0.3096,-0.31536000000000003,-0.28384,-0.30256000000000005,-0.30863999999999997,-0.27663999999999994,-0.29504,-0.29936,-0.30368,-0.29504,-0.3024,-0.28992,-0.2904,-0.29712,-0.28192
0.31578045841430613,-0.32512,-0.33712,-0.32992,-0.32624,-0.32320000000000004,-0.33327999999999997,-0.31952,-0.3352,-0.32367999999999997,-0.33888,-0.324,-0.31392,-0.31488,-0.3428800000000001,-0.32639999999999997,-0.33968,-0.31664000000000003,-0.32144,-0.33296,-0.32127999999999995,-0.31824,-0.32464000000000004,-0.31472,-0.324,-0.33344,-0.3201600000000001,-0.31872,-0.30496,-0.31488,-0.32031999999999994,-0.32288,-0.30415999999999993,-0.32144000000000006,-0.31167999999999996,-0.31584,-0.31951999999999997,-0.30256,-0.30495999999999995,-0.30863999999999997,-0.30432000000000003,-0.31087999999999993,-0.30911999999999995,-0.30944000000000005,-0.29232,-0.30896,-0.2984,-0.30144,-0.30576,-0.29744000000000004
0.32548199402944145,-0.3408,-0.34272,-0.3256,-0.33104,-0.33855999999999997,-0.35248,-0.33920000000000006,-0.33216,-0.3336,-0.34384,-0.352,-0.34256,-0.32912,-0.33071999999999996,-0.33616,-0.33152,-0.33999999999999997,-0.3224,-0.3352,-0.32111999999999996,-0.3329599999999999,-0.34512,-0.34143999999999997,-0.33328,-0.33632,-0.32591999999999993,-0.32720000000000005,-0.3184,-0.3310399999999999,-0.33232,-0.33088,-0.31696,-0.32128000000000007,-0.32048,-0.32399999999999995,-0.32864,-0.31696,-0.32656,-0.30511999999999995,-0.30704,-0.31264000000000003,-0.31167999999999996,-0.3088,-0.30224,-0.32399999999999995,-0.31200000000000006,-0.31775999999999993,-0.30496,-0.292
0.3354815841656335,-0.33008000000000004,-0.35472000000000004,-0.34496000000000004,-0.36304000000000003,-0.36032000000000003,-0.35295999999999994,-0.368,-0.36224,-0.35728,-0.34112,-0.3550399999999999,-0.35503999999999997,-0.3425600000000001,-0.32288,-0.35008,-0.35984000000000005,-0.35552,-0.35200000000000004,-0.34928,-0.35088,-0.33727999999999997,-0.33520000000000005,-0.33696000000000004,-0.33887999999999996,-0.34416,-0.32223999999999997,-0.33472,-0.34512,-0.33008,-0.34192,-0.33408000000000004,-0.33487999999999996,-0.33008,-0.32624,-0.3344,-0.33248,-0.32944,-0.33344,-0.3272,-0.31376000000000004,-0.33279999999999993,-0.31696,-0.33231999999999995,-0.31104,-0.31855999999999995,-0.31999999999999995,-0.31823999999999997,-0.31072,-0.30768
0.34578838577504384,-0.35936,-0.35680000000000006,-0.35104,-0.37312,-0.36879999999999996,-0.37167999999999995,-0.35136,-0.36144,-0.36175999999999997,-0.3704,-0.36384000000000005,-0.36367999999999995,-0.36944,-0.34736,-0.37168,-0.35984,-0.37936000000000003,-0.36576,-0.35232,-0.35888,-0.3504,-0.35056,-0.35696,-0.34912,-0.35103999999999996,-0.34863999999999995,-0.35232,-0.34624,-0.34256,-0.34352,-0.35424000000000005,-0.34640000000000004,-0.34063999999999994,-0.34896,-0.34496000000000004,-0.34271999999999997,-0.33712,-0.33744,-0.32608000000000004,-0.32896000000000003,-0.33855999999999997,-0.32528,-0.336,-0.31936,-0.32271999999999995,-0.33264000000000005,-0.32863999999999993,-0.32064,-0.30767999999999995
0.356411837133441,-0.37056,-0.37808,-0.37792000000000003,-0.37584,-0.37248000000000003,-0.37312,-0.36864,-0.37904,-0.3704,-0.36736,-0.35631999999999997,-0.37008,-0.35936,-0.37392,-0.36624,-0.37856,-0.38016,-0.36416,-0.36032000000000003,-0.36704,-0.36832000000000004,-0.37168,-0.36512,-0.36784000000000006,-0.37328,-0.35632,-0.36448,-0.35359999999999997,-0.3624,-0.36351999999999995,-0.36447999999999997,-0.3550399999999999,-0.35648,-0.35248,-0.35439999999999994,-0.34416,-0.34640000000000004,-0.348,-0.352,-0.3448,-0.3304,-0.33232,-0.33744,-0.33216,-0.32704,-0.33327999999999997,-0.32784,-0.33104000000000006,-0.31072
0.3673616664831384,-0.3936,-0.38480000000000003,-0.38336,-0.3864,-0.36144000000000004,-0.3936,-0.40800000000000003,-0.37968,-0.38991999999999993,-0.372,-0.37504,-0.37216,-0.37872000000000006,-0.37344000000000005,-0.38927999999999996,-0.3992,-0.38432000000000005,-0.37712,-0.37472,-0.37184000000000006,-0.38095999999999997,-0.38239999999999996,-0.36672000000000005,-0.39231999999999995,-0.39280000000000004,-0.35408,-0.38448000000000004,-0.36463999999999996,-0.36863999999999997,-0.3796800000000001,-0.35472000000000004,-0.38208000000000003,-0.3614400000000001,-0.34368,-0.36624,-0.36064,-0.35679999999999995,-0.3611200000000001,-0.34704000000000007,-0.33887999999999996,-0.34288,-0.33968000000000004,-0.34096000000000004,-0.33184,-0.33616000000000007,-0.33808000000000005,-0.33264,-0.33648,-0.31456
0.37864790094146467,-0.38992000000000004,-0.39088,-0.40015999999999996,-0.388,-0.4024,-0.41696,-0.38784,-0.40784000000000004,-0.4048,-0.384,-0.3878400000000001,-0.38160000000000005,-0.38543999999999995,-0.37104,-0.40176000000000006,-0.41487999999999997,-0.40512000000000004,-0.3969600000000001,-0.37855999999999995,-0.39696000000000004,-0.39871999999999996,-0.40127999999999997,-0.36688,-0.39328,-0.38704,-0.37567999999999996,-0.39776,-0.37727999999999995,-0.38512,-0.39407999999999993,-0.3628799999999999,-0.38672000000000006,-0.37584000000000006,-0.35648,-0.37104,-0.3656,-0.35488,-0.37792000000000003,-0.36192,-0.34304,-0.35456,-0.34528,-0.34352,-0.3465600000000001,-0.33455999999999997,-0.33808000000000005,-0.33024,-0.34495999999999993,-0.32752
0.39028087568292336,-0.40127999999999997,-0.41136,-0.41631999999999997,-0.40224000000000004,-0.4016,-0.41376000000000007,-0.43168000000000006,-0.4112,-0.40976000000000007,-0.40367999999999993,-0.4176,-0.39952,-0.38880000000000003,-0.4105600000000001,-0.4,-0.41136,-0.42031999999999997,-0.41664,-0.38144,-0.42912,-0.40128,-0.41056,-0.40367999999999993,-0.40447999999999995,-0.39056,-0.39136000000000004,-0.40496,-0.37888,-0.38944,-0.38352,-0.37664,-0.38928000000000007,-0.38383999999999996,-0.37631999999999993,-0.38608,-0.37455999999999995,-0.37472000000000005,-0.37904,-0.35839999999999994,-0.34256000000000003,-0.36496,-0.35216,-0.3510400000000001,-0.35103999999999996,-0.34400000000000003,-0.3496,-0.33296000000000003,-0.34384,-0.33680000000000004
0.4022712434034502,-0.43648,-0.43184000000000006,-0.41600000000000004,-0.43088000000000004,-0.44096,-0.43600000000000005,-0.44016,-0.43104000000000003,-0.41984000000000005,-0.40912000000000004,-0.42207999999999996,-0.42064,-0.40688,-0.4214399999999999,-0.42832,-0.4191999999999999,-0.42208000000000007,-0.4111999999999999,-0.40288,-0.42928000000000005,-0.39632000000000006,-0.4104,-0.4096,-0.42176,-0.40863999999999995,-0.40336,-0.39391999999999994,-0.3896,-0.4079999999999999,-0.39328,-0.39024,-0.39504,-0.38015999999999994,-0.38960000000000006,-0.3912,-0.3856,-0.38336000000000003,-0.3784,-0.37232,-0.35296,-0.36607999999999996,-0.36240000000000006,-0.36304,-0.3584,-0.35424,-0.35824,-0.35056,-0.3424,-0.34416
0.4146299840754364,-0.44560000000000005,-0.43696,-0.44864,-0.4460800000000001,-0.43696,-0.42752,-0.45552000000000004,-0.44912,-0.4409599999999999,-0.4251199999999999,-0.43024000000000007,-0.4328,-0.4444800000000001,-0.43648,-0.44048,-0.43839999999999996,-0.43936000000000003,-0.4295999999999999,-0.41664,-0.43007999999999996,-0.41056,-0.42768000000000006,-0.4105600000000001,-0.42463999999999996,-0.41328,-0.40608000000000005,-0.42064,-0.39888,-0.42047999999999996,-0.4067200000000001,-0.4048,-0.40656,-0.39712000000000003,-0.39984000000000003,-0.39712,-0.38912,-0.39312,-0.38224,-0.38752,-0.36016,-0.38176,-0.36560000000000004,-0.36879999999999996,-0.36096000000000006,-0.36080000000000007,-0.3644800000000001,-0.35216000000000003,-0.34416,-0.35632
0.4273684150024485,-0.4555200000000001,-0.45167999999999997,-0.46272,-0.45680000000000004,-0.43904,-0.45120000000000005,-0.4558400000000001,-0.44800000000000006,-0.4448,-0.44223999999999997,-0.4558400000000001,-0.4459199999999999,-0.45360000000000006,-0.4587199999999999,-0.45072,-0.43967999999999996,-0.44592,-0.43360000000000004,-0.4448,-0.44848,-0.4403200000000001,-0.42496,-0.4232,-0.43007999999999996,-0.42576,-0.41616,-0.42064,-0.39855999999999997,-0.42912,-0.42768000000000006,-0.42464,-0.41248000000000007,-0.4008,-0.40415999999999996,-0.40991999999999995,-0.3984,-0.40096,-0.40144,-0.3992,-0.36639999999999995,-0.38608,-0.37104000000000004,-0.37584000000000006,-0.3779199999999999,-0.36384000000000005,-0.37648,-0.36351999999999995,-0.36144000000000004,-0.35152000000000005
0.44049820118285365,-0.48352000000000006,-0.47936000000000006,-0.4780800000000001,-0.4718399999999999,-0.44864,-0.4691199999999999,-0.46496000000000004,-0.45856,-0.47296000000000005,-0.47007999999999994,-0.46736000000000005,-0.47711999999999993,-0.46416,-0.46160000000000007,-0.46576000000000006,-0.46559999999999996,-0.46192,-0.44288,-0.44736000000000004,-0.46208,-0.44688000000000005,-0.43183999999999995,-0.4328,-0.44543999999999995,-0.44384000000000007,-0.44864,-0.42784000000000005,-0.4235199999999999,-0.4518400000000001,-0.42591999999999997,-0.42112,-0.4257600000000001,-0.41744000000000003,-0.41503999999999996,-0.42256,-0.41552,-0.41152,-0.40976,-0.39471999999999996,-0.37888,-0.3896,-0.37648000000000004,-0.38591999999999993,-0.38992,-0.37536,-0.37615999999999994,-0.37248,-0.36848000000000003,-0.35503999999999997
0.45403136599184135,-0.50816,-0.49216000000000004,-0.4716800000000001,-0.4747199999999999,-0.47759999999999997,-0.49328000000000005,-0.47520000000000007,-0.48719999999999997,-0.47968,-0.48416,-0.47392,-0.48607999999999996,-0.46304,-0.4704,-0.46752000000000005,-0.47280000000000005,-0.47151999999999994,-0.4652800000000001,-0.47311999999999993,-0.46768,-0.46128,-0.4464,-0.44719999999999993,-0.45824,-0.46736000000000005,-0.46592,-0.43136,-0.43888,-0.45200000000000007,-0.44896,-0.43423999999999996,-0.42736,-0.43743999999999994,-0.4340800000000001,-0.43792,-0.43023999999999996,-0.41967999999999994,-0.4104,-0.40608000000000005,-0.38959999999999995,-0.39632000000000006,-0.39696000000000004,-0.39536,-0.38912,-0.37744,-0.384,-0.37456000000000006,-0.36751999999999996,-0.3624
0.4679803021916212,-0.5080000000000001,-0.50464,-0.5099199999999999,-0.50256,-0.5057599999999999,-0.5288,-0.5136000000000001,-0.4984,-0.5003200000000001,-0.49328000000000005,-0.4968,-0.5025600000000001,-0.48672000000000004,-0.4784,-0.48352000000000006,-0.4848,-0.50352,-0.48416,-0.48607999999999996,-0.48032,-0.46592,-0.44704,-0.46896000000000004,-0.4694399999999999,-0.4648,-0.46880000000000005,-0.44496,-0.44272,-0.45231999999999994,-0.44992,-0.44960000000000006,-0.43664000000000003,-0.44112,-0.43823999999999996,-0.43616,-0.43456,-0.4289599999999999,-0.42528000000000005,-0.41631999999999997,-0.38576,-0.40687999999999996,-0.40128,-0.3998399999999999,-0.39232000000000006,-0.38832,-0.39056,-0.3835199999999999,-0.37679999999999997,-0.36832
0.4823577832798813,-0.53472,-0.52288,-0.5062399999999999,-0.51104,-0.5268799999999999,-0.5224,-0.51504,-0.52416,-0.5155200000000001,-0.52352,-0.5075199999999999,-0.50512,-0.50352,-0.4897600000000001,-0.5056,-0.5039999999999999,-0.52512,-0.50064,-0.49951999999999996,-0.47919999999999996,-0.47424,-0.47008,-0.48095999999999994,-0.47919999999999996,-0.47552000000000005,-0.4720000000000001,-0.45919999999999994,-0.45983999999999997,-0.46656,-0.46096000000000004,-0.46192,-0.4464,-0.45008,-0.44288,-0.44831999999999994,-0.43728,-0.4384,-0.43856,-0.42000000000000004,-0.39471999999999996,-0.4164800000000001,-0.41184000000000004,-0.40800000000000003,-0.39936,-0.40304,-0.3968,-0.38639999999999997,-0.38144000000000006,-0.36255999999999994
0.4971769751868986,-0.53856,-0.53728,-0.52928,-0.5376000000000001,-0.5638400000000001,-0.53904,-0.51776,-0.5456000000000001,-0.53344,-0.54032,-0.5300800000000001,-0.5267200000000001,-0.50864,-0.49456,-0.50928,-0.52176,-0.52992,-0.5083200000000001,-0.5064,-0.49743999999999994,-0.4924799999999999,-0.4704,-0.49024,-0.50144,-0.47840000000000005,-0.49152000000000007,-0.47840000000000005,-0.4720000000000001,-0.4702400000000001,-0.47232,-0.46575999999999995,-0.45696000000000003,-0.44112,-0.45504000000000006,-0.45888,-0.44592,-0.43488000000000004,-0.43920000000000003,-0.4233599999999999,-0.4067200000000001,-0.41888,-0.41712000000000005,-0.41039999999999993,-0.40144,-0.4104,-0.4040000000000001,-0.39136000000000004,-0.38704,-0.37471999999999994
0.512451448332012,-0.55488,-0.5559999999999999,-0.55808,-0.55088,-0.56672,-0.5816000000000001,-0.5521600000000001,-0.5688,-0.5608,-0.5689599999999999,-0.5408000000000001,-0.5512,-0.52896,-0.5239999999999999,-0.53984,-0.53328,-0.54432,-0.5294399999999999,-0.51552,-0.5185599999999999,-0.5078400000000001,-0.48992,-0.49168,-0.51312,-0.49871999999999994,-0.4990400000000001,-0.48927999999999994,-0.48304,-0.4808,-0.48192,-0.46928000000000003,-0.472,-0.44944000000000006,-0.46864,-0.46031999999999995,-0.4524799999999999,-0.44608,-0.43984000000000006,-0.43472,-0.41104,-0.41936000000000007,-0.42208000000000007,-0.41631999999999997,-0.40992000000000006,-0.40912000000000004,-0.40704,-0.39583999999999997,-0.39024000000000003,-0.37248000000000003
0.5281951900505004,-0.59392,-0.59168,-0.5907199999999999,-0.58208,-0.5574399999999999,-0.57376,-0.56992,-0.57952,-0.56816,-0.58448,-0.56416,-0.57008,-0.54688,-0.5436799999999999,-0.55616,-0.5439999999999999,-0.54864,-0.53408,-0.5305600000000001,-0.528,-0.5272,-0.5048,-0.5259199999999999,-0.5315200000000001,-0.51152,-0.5097600000000001,-0.5036800000000001,-0.49888000000000005,-0.4928,-0.4912000000000001,-0.48272000000000004,-0.4822399999999999,-0.46159999999999995,-0.46943999999999997,-0.46896000000000004,-0.45743999999999996,-0.45248,-0.44112,-0.43967999999999996,-0.42128,-0.42767999999999995,-0.43104000000000003,-0.4233599999999999,-0.4128,-0.40752000000000005,-0.4104,-0.40191999999999994,-0.39327999999999996,-0.37744
0.5444226174022427,-0.60992,-0.61328,-0.5993600000000001,-0.60832,-0.57168,-0.60416,-0.5963200000000001,-0.6012799999999999,-0.6043200000000001,-0.5816,-0.58672,-0.592,-0.5620800000000001,-0.5736,-0.5744,-0.5670399999999999,-0.5649599999999999,-0.55008,-0.5504,-0.54912,-0.52544,-0.53168,-0.52992,-0.53792,-0.51456,-0.51104,-0.5156799999999999,-0.5089600000000001,-0.5048,-0.50304,-0.48927999999999994,-0.4864,-0.47215999999999997,-0.47759999999999997,-0.48175999999999997,-0.46624,-0.46672,-0.4569599999999999,-0.4473599999999999,-0.42960000000000004,-0.43056,-0.43760000000000004,-0.42847999999999997,-0.41487999999999997,-0.4144,-0.41088,-0.40447999999999995,-0.39792000000000005,-0.37695999999999996
0.5611485903738933,-0.6267199999999999,-0.6439999999999999,-0.62368,-0.6284799999999999,-0.6180799999999999,-0.6233600000000001,-0.6132799999999999,-0.6243199999999999,-0.62224,-0.61344,-0.6001599999999999,-0.61376,-0.5744,-0.5828800000000001,-0.5844800000000001,-0.5742400000000001,-0.57264,-0.5707200000000001,-0.5704,-0.5587199999999999,-0.53808,-0.54512,-0.55168,-0.5536000000000001,-0.52,-0.52848,-0.52256,-0.5172800000000001,-0.5169599999999999,-0.5099199999999999,-0.5031999999999999,-0.49744,-0.48095999999999994,-0.4857600000000001,-0.49119999999999997,-0.47888000000000003,-0.46896000000000004,-0.46416,-0.45312,-0.43200000000000005,-0.43968000000000007,-0.44112,-0.43279999999999996,-0.42207999999999996,-0.4192,-0.40976,-0.4112,-0.39936000000000005,-0.38175999999999993
0.5783884254866559,-0.6528,-0.6537599999999999,-0.6652800000000001,-0.6487999999999999,-0.64576,-0.6582399999999999,-0.64496,-0.6487999999999999,-0.6464,-0.6144000000000001,-0.61968,-0.6372800000000001,-0.6059199999999999,-0.60496,-0.60944,-0.60368,-0.59776,-0.58688,-0.5849600000000001,-0.56464,-0.5593600000000001,-0.5571200000000001,-0.5614399999999999,-0.5656,-0.53328,-0.54432,-0.5319999999999999,-0.53024,-0.5296000000000001,-0.5121600000000001,-0.50912,-0.49871999999999994,-0.49119999999999997,-0.50352,-0.49967999999999996,-0.48735999999999996,-0.4751999999999999,-0.46719999999999995,-0.45072,-0.44159999999999994,-0.44383999999999996,-0.44896,-0.43664000000000003,-0.43488000000000004,-0.42767999999999995,-0.41616,-0.4128,-0.40112000000000003,-0.38624
0.5961579098221268,-0.67696,-0.68864,-0.67696,-0.6782400000000001,-0.6619200000000001,-0.6832,-0.66736,-0.65648,-0.67024,-0.652,-0.6505599999999999,-0.65872,-0.6424,-0.6324799999999999,-0.6203200000000001,-0.61616,-0.6203200000000001,-0.60112,-0.59456,-0.5848,-0.5763199999999999,-0.5793600000000001,-0.5705600000000001,-0.57216,-0.54688,-0.5574399999999999,-0.5496000000000001,-0.53584,-0.536,-0.53104,-0.51568,-0.50592,-0.49456,-0.51328,-0.50624,-0.4959999999999999,-0.47744,-0.47232,-0.46256000000000014,-0.44223999999999997,-0.45600000000000007,-0.46112000000000003,-0.44208,-0.4351999999999999,-0.4288,-0.4224,-0.41823999999999995,-0.40256,-0.39008
0.6144733154790399,-0.6963199999999999,-0.71072,-0.73024,-0.6812800000000001,-0.70672,-0.7156800000000001,-0.7025599999999999,-0.6808000000000001,-0.6811200000000001,-0.6768000000000001,-0.66784,-0.6712,-0.65056,-0.6497600000000001,-0.6409600000000001,-0.6248,-0.6544,-0.6142400000000001,-0.6054400000000001,-0.60608,-0.59536,-0.59056,-0.5735999999999999,-0.5910399999999999,-0.5592,-0.5627199999999999,-0.5518400000000001,-0.5470400000000001,-0.5363200000000001,-0.53664,-0.52064,-0.51824,-0.50032,-0.5212800000000001,-0.51392,-0.49935999999999997,-0.48624,-0.4827199999999999,-0.46464,-0.4492799999999999,-0.4636800000000001,-0.46592,-0.44416,-0.44432,-0.43263999999999997,-0.42672,-0.4231999999999999,-0.41007999999999994,-0.39664
0.6333514144741615,-0.72384,-0.73184,-0.73472,-0.72256,-0.70528,-0.74368,-0.7295999999999999,-0.70768,-0.68496,-0.69488,-0.6974400000000001,-0.6969599999999999,-0.6715200000000001,-0.664,-0.65872,-0.6500800000000001,-0.6643199999999999,-0.62928,-0.6315200000000001,-0.6131200000000001,-0.61216,-0.6132799999999999,-0.5926400000000001,-0.5945600000000001,-0.5654399999999999,-0.5796800000000001,-0.56704,-0.56352,-0.54432,-0.5430400000000002,-0.52576,-0.51888,-0.5088,-0.52992,-0.51776,-0.508,-0.49071999999999993,-0.49327999999999994,-0.4728,-0.45536000000000004,-0.47184,-0.47248,-0.45231999999999994,-0.4516799999999999,-0.43920000000000003,-0.42767999999999995,-0.42655999999999994,-0.41167999999999993,-0.3984000000000001
0.6528094941009758,-0.77248,-0.7792,-0.7745599999999999,-0.7263999999999999,-0.7379200000000001,-0.7590399999999999,-0.7468799999999999,-0.73456,-0.71136,-0.7212799999999999,-0.71488,-0.7160000000000001,-0.6900799999999999,-0.68224,-0.67152,-0.6617599999999999,-0.6688,-0.65072,-0.6435199999999999,-0.6256,-0.6108800000000001,-0.62416,-0.59824,-0.6035199999999998,-0.57136,-0.59008,-0.57216,-0.5672,-0.56048,-0.55056,-0.5329599999999999,-0.53344,-0.51536,-0.5371199999999999,-0.5260800000000001,-0.5127999999999999,-0.49807999999999997,-0.49712000000000006,-0.48208,-0.46448,-0.46992,-0.47551999999999994,-0.46336000000000005,-0.45664,-0.44864,-0.4304,-0.42672,-0.41552,-0.4016
0.6728653727602238,-0.7899200000000001,-0.8124800000000001,-0.7969599999999999,-0.76352,-0.7659199999999999,-0.7968,-0.76256,-0.73824,-0.7492800000000001,-0.73648,-0.7484799999999999,-0.7472,-0.70096,-0.69696,-0.7054400000000001,-0.6726400000000001,-0.68768,-0.6572800000000001,-0.67264,-0.64464,-0.62864,-0.6404799999999999,-0.6120000000000001,-0.6168000000000001,-0.5804799999999999,-0.6,-0.58192,-0.5748800000000001,-0.57024,-0.56032,-0.54928,-0.54016,-0.52224,-0.54144,-0.53264,-0.5155200000000001,-0.5064,-0.5024,-0.48304,-0.46959999999999996,-0.47375999999999996,-0.48128000000000004,-0.45935999999999994,-0.45599999999999996,-0.45328000000000007,-0.43344000000000005,-0.4307199999999999,-0.41823999999999995,-0.40304
0.6935374162767991,-0.8201599999999999,-0.83808,-0.83456,-0.80992,-0.8032,-0.82384,-0.79104,-0.7767999999999999,-0.78816,-0.7705600000000002,-0.7644799999999999,-0.7553599999999999,-0.72928,-0.70928,-0.72576,-0.6937599999999999,-0.69952,-0.67312,-0.688,-0.6567999999999999,-0.6521600000000001,-0.6555199999999999,-0.6212799999999999,-0.63664,-0.58944,-0.6043200000000001,-0.592,-0.5864,-0.5736,-0.568,-0.55536,-0.5488,-0.5304,-0.5432,-0.5395200000000001,-0.5187200000000001,-0.5081600000000001,-0.50656,-0.48895999999999995,-0.47168,-0.47664,-0.4848,-0.46496000000000004,-0.4614400000000001,-0.45488,-0.43759999999999993,-0.43232,-0.41888,-0.40704
0.7148445547179326,-0.8664,-0.8811200000000001,-0.8699199999999999,-0.8328000000000001,-0.8291200000000002,-0.8574400000000001,-0.8254399999999998,-0.8187200000000001,-0.7971200000000002,-0.80992,-0.7904,-0.7843200000000001,-0.7494399999999999,-0.73264,-0.73904,-0.7144,-0.71248,-0.68432,-0.69744,-0.6743999999999999,-0.6675199999999999,-0.6710400000000001,-0.6335999999999999,-0.6438399999999999,-0.60016,-0.6128,-0.5979200000000001,-0.5955199999999999,-0.5852799999999999,-0.5808,-0.5571200000000001,-0.5540799999999999,-0.53664,-0.5484799999999999,-0.54416,-0.51968,-0.51008,-0.51088,-0.4913599999999999,-0.47711999999999993,-0.47984,-0.48783999999999994,-0.4651200000000001,-0.46416,-0.45599999999999996,-0.44367999999999996,-0.4368,-0.4233599999999999,-0.40752000000000005
0.7368062997280773,-0.9214399999999999,-0.93408,-0.9123199999999999,-0.8716800000000001,-0.8710400000000001,-0.8748800000000001,-0.852,-0.84832,-0.8243199999999999,-0.83904,-0.8059199999999999,-0.8136000000000001,-0.78016,-0.7582399999999999,-0.75696,-0.7291199999999999,-0.7367999999999999,-0.7072,-0.70816,-0.6929599999999999,-0.6788800000000001,-0.6856000000000001,-0.6449599999999999,-0.65328,-0.60688,-0.6238400000000002,-0.6089600000000001,-0.60464,-0.5916800000000001,-0.5848,-0.56832,-0.56176,-0.54512,-0.55424,-0.55024,-0.52736,-0.51856,-0.5107200000000001,-0.4983999999999999,-0.4827199999999999,-0.48095999999999994,-0.4868799999999999,-0.47056000000000003,-0.4667199999999999,-0.4596800000000001,-0.44512,-0.43904,-0.42512000000000005,-0.40991999999999995
0.759442762396358,-0.96784,-0.9755199999999998,-0.9670400000000001,-0.924,-0.90624,-0.90848,-0.87568,-0.8552,-0.8411199999999999,-0.8564799999999998,-0.82864,-0.8336,-0.80576,-0.7790400000000001,-0.76928,-0.7500799999999999,-0.74032,-0.728,-0.7180799999999999,-0.70992,-0.6897599999999999,-0.6979200000000001,-0.6561600000000001,-0.66624,-0.61792,-0.63216,-0.61568,-0.6054400000000001,-0.5992,-0.5969599999999999,-0.5764799999999999,-0.5691200000000001,-0.5511999999999999,-0.55792,-0.55472,-0.53392,-0.5180799999999999,-0.5124799999999999,-0.49984,-0.48688000000000003,-0.48688000000000003,-0.49424,-0.4707199999999999,-0.47424,-0.46304,-0.45216,-0.43999999999999995,-0.4304,-0.41552000000000006
0.7827746716729557,-1.0223999999999998,-1.02144,-0.98752,-0.9715199999999999,-0.9507200000000001,-0.9523199999999999,-0.92688,-0.88608,-0.87584,-0.88048,-0.8547200000000001,-0.8587199999999999,-0.83152,-0.80528,-0.7884800000000001,-0.7636799999999999,-0.75456,-0.7430399999999999,-0.7248,-0.72448,-0.6975999999999999,-0.70496,-0.66928,-0.67488,-0.62336,-0.64432,-0.62016,-0.61792,-0.6049599999999999,-0.6088,-0.5838400000000001,-0.57616,-0.55536,-0.5611200000000001,-0.5622400000000001,-0.5393600000000001,-0.5272,-0.5217600000000001,-0.50512,-0.49152000000000007,-0.49552000000000007,-0.4988800000000001,-0.47808,-0.4777600000000001,-0.46464000000000005,-0.45472,-0.44128,-0.43376000000000003,-0.4152
0.8068233933512855,-1.05664,-1.0526399999999998,-1.04064,-1.01648,-0.9936,-0.98368,-0.96112,-0.92208,-0.9038400000000001,-0.90048,-0.8767999999999999,-0.8814399999999999,-0.85472,-0.8288,-0.8057599999999999,-0.7806399999999999,-0.7766400000000001,-0.75744,-0.7487999999999999,-0.7355200000000001,-0.71248,-0.71632,-0.6819200000000001,-0.6905600000000002,-0.63376,-0.65232,-0.62144,-0.62336,-0.6126400000000001,-0.61488,-0.5907199999999999,-0.58512,-0.56192,-0.5664,-0.5686399999999999,-0.54432,-0.5353600000000001,-0.5265599999999999,-0.5111999999999999,-0.49984,-0.5001599999999999,-0.5024,-0.4814400000000001,-0.48256,-0.46559999999999996,-0.45536000000000004,-0.44639999999999996,-0.43664000000000003,-0.42160000000000003
0.8316109496333532,-1.08784,-1.10672,-1.06448,-1.0668799999999998,-1.02784,-1.01584,-0.9839999999999998,-0.95136,-0.9400000000000002,-0.92432,-0.9096,-0.8913599999999999,-0.87808,-0.8457600000000001,-0.8200000000000001,-0.7857600000000001,-0.78944,-0.7731200000000001,-0.76832,-0.7420799999999999,-0.7228800000000001,-0.7268800000000001,-0.69456,-0.69856,-0.64304,-0.66,-0.63168,-0.6324799999999999,-0.6201599999999999,-0.62352,-0.5952,-0.59136,-0.56624,-0.5744,-0.5751999999999999,-0.54544,-0.5422399999999999,-0.53568,-0.5136,-0.504,-0.50336,-0.50912,-0.48335999999999996,-0.48304,-0.47008,-0.45968,-0.45104000000000005,-0.43792,-0.42304
0.857160039296208,-1.17904,-1.1551999999999998,-1.11456,-1.1188800000000003,-1.0656,-1.0553599999999999,-1.0294400000000001,-0.99328,-0.98688,-0.9359999999999999,-0.9219200000000001,-0.9121599999999999,-0.8929600000000001,-0.86288,-0.83712,-0.8076800000000001,-0.8107200000000001,-0.7888000000000001,-0.7787200000000001,-0.75488,-0.7335999999999999,-0.73392,-0.70976,-0.7096,-0.6492800000000001,-0.66256,-0.6372800000000001,-0.64144,-0.6296,-0.6225600000000001,-0.6049599999999999,-0.6022399999999999,-0.57392,-0.58032,-0.5784,-0.55328,-0.5460799999999999,-0.53824,-0.52016,-0.51008,-0.5097599999999999,-0.51216,-0.48928000000000005,-0.48688000000000003,-0.47664,-0.46192,-0.45280000000000004,-0.44144000000000005,-0.42512000000000005
0.8834940584779543,-1.21472,-1.20912,-1.1761599999999999,-1.1607999999999998,-1.1176000000000001,-1.08464,-1.0584,-1.01936,-1.0070399999999997,-0.9654400000000001,-0.94336,-0.9334399999999998,-0.9120000000000001,-0.8808,-0.84496,-0.8224,-0.8198399999999999,-0.79904,-0.78912,-0.76576,-0.74128,-0.7414399999999999,-0.71904,-0.71456,-0.65488,-0.67024,-0.6479999999999999,-0.65008,-0.6376000000000001,-0.62656,-0.6088000000000001,-0.6086400000000001,-0.57984,-0.58384,-0.58208,-0.55664,-0.5519999999999999,-0.54432,-0.52416,-0.5108800000000001,-0.5144,-0.51568,-0.49119999999999997,-0.4888,-0.47952000000000006,-0.46256,-0.45872,-0.44208,-0.42784000000000005
0.9106371221023624,-1.26608,-1.2776,-1.23968,-1.1952,-1.14912,-1.1225600000000002,-1.0934400000000002,-1.04656,-1.0288,-0.98576,-0.9747199999999999,-0.9496,-0.9312000000000001,-0.89168,-0.8657599999999999,-0.84304,-0.8335999999999999,-0.80016,-0.79776,-0.7713599999999999,-0.7491199999999999,-0.75008,-0.7246399999999998,-0.7207999999999999,-0.6608,-0.6776000000000001,-0.65088,-0.64944,-0.6398400000000001,-0.63728,-0.61184,-0.61392,-0.5849599999999999,-0.5856,-0.58864,-0.55984,-0.5551999999999999,-0.5500800000000001,-0.52496,-0.5156799999999999,-0.51712,-0.5214399999999999,-0.49104000000000003,-0.49264,-0.48192,-0.46543999999999996,-0.45792,-0.44608,-0.4288
0.9386140859616947,-1.3217599999999998,-1.32992,-1.27696,-1.23792,-1.1982400000000002,-1.1564800000000002,-1.11392,-1.07056,-1.0544,-1.00784,-0.98816,-0.96448,-0.94608,-0.9011199999999999,-0.86784,-0.8539200000000001,-0.8465599999999999,-0.8168000000000001,-0.80176,-0.7825599999999999,-0.7575999999999998,-0.75904,-0.7368,-0.7286400000000001,-0.668,-0.68064,-0.6585599999999999,-0.65728,-0.6472,-0.64192,-0.61696,-0.6176,-0.58928,-0.5868800000000001,-0.59072,-0.5592,-0.55648,-0.55216,-0.52928,-0.52016,-0.5176000000000001,-0.52272,-0.4936,-0.49568,-0.48480000000000006,-0.4636799999999999,-0.46208,-0.44800000000000006,-0.43023999999999996
0.9674505694779667,-1.3862400000000001,-1.38048,-1.32896,-1.2736000000000003,-1.24144,-1.1868800000000002,-1.1366399999999999,-1.10096,-1.07504,-1.0288,-1.00272,-0.9856000000000001,-0.9604799999999999,-0.9176000000000002,-0.88336,-0.86416,-0.8587200000000001,-0.8313599999999999,-0.80976,-0.788,-0.76336,-0.7611200000000001,-0.7371199999999999,-0.7303999999999999,-0.6744000000000001,-0.68896,-0.6635199999999999,-0.66032,-0.65008,-0.6444799999999999,-0.61968,-0.61952,-0.5932799999999999,-0.5908800000000001,-0.59648,-0.5625600000000001,-0.55872,-0.55472,-0.53184,-0.52416,-0.52048,-0.52496,-0.4944,-0.4984,-0.48895999999999995,-0.46656,-0.46368,-0.4500800000000001,-0.43200000000000005
0.9971729791634935,-1.4348800000000002,-1.4144,-1.37648,-1.3112,-1.2718399999999999,-1.21184,-1.15664,-1.11504,-1.0961599999999998,-1.0406399999999998,-1.0208000000000002,-1.0032,-0.96784,-0.9283199999999999,-0.8916799999999998,-0.8735999999999999,-0.8686399999999999,-0.8374400000000002,-0.81616,-0.7900799999999999,-0.7672,-0.7638400000000001,-0.7435200000000001,-0.7336,-0.6780799999999999,-0.69104,-0.6678399999999999,-0.6652799999999999,-0.6542399999999999,-0.64864,-0.62224,-0.6228799999999999,-0.6006400000000001,-0.5976,-0.5984,-0.5648000000000001,-0.56016,-0.55744,-0.5344,-0.52512,-0.5216000000000001,-0.52544,-0.49664,-0.5008,-0.49119999999999997,-0.46896000000000004,-0.46432,-0.45328000000000007,-0.43199999999999994
1.027808532802195,-1.49488,-1.4667199999999998,-1.40848,-1.348,-1.2896,-1.2193600000000002,-1.1814399999999998,-1.1384,-1.1091199999999999,-1.0553599999999999,-1.0295999999999998,-1.01088,-0.9776,-0.9400000000000001,-0.9007999999999999,-0.88304,-0.8747199999999999,-0.8422399999999998,-0.81936,-0.7928,-0.77344,-0.7716799999999999,-0.74848,-0.73904,-0.68064,-0.6956800000000001,-0.66896,-0.6687999999999998,-0.6537599999999999,-0.6521600000000001,-0.62496,-0.62592,-0.6009599999999999,-0.60256,-0.5985600000000001,-0.56592,-0.5607999999999999,-0.5582400000000001,-0.53728,-0.5257600000000001,-0.5232,-0.5272,-0.49903999999999993,-0.50112,-0.49264,-0.4688,-0.46496000000000004,-0.45504,-0.43279999999999996
1.0593852843738136,-1.54096,-1.50256,-1.4481600000000001,-1.36304,-1.3105600000000002,-1.25088,-1.1964799999999998,-1.15616,-1.12928,-1.06784,-1.04384,-1.0230399999999997,-0.9807999999999998,-0.9462400000000001,-0.9115200000000001,-0.8875200000000001,-0.8841600000000002,-0.84512,-0.8215999999999999,-0.7982400000000001,-0.77664,-0.77456,-0.75456,-0.74256,-0.6825600000000001,-0.69728,-0.6716799999999999,-0.6684800000000001,-0.65712,-0.6545599999999999,-0.628,-0.62928,-0.6048000000000001,-0.60464,-0.6006400000000001,-0.56784,-0.56416,-0.5601599999999999,-0.53952,-0.5267200000000001,-0.5249599999999999,-0.52944,-0.49935999999999997,-0.5025600000000001,-0.49248000000000003,-0.46959999999999996,-0.46640000000000004,-0.45632,-0.43552
1.091932149743863,-1.5783999999999998,-1.5273599999999998,-1.4724799999999998,-1.38016,-1.3499199999999998,-1.26544,-1.2132800000000001,-1.1728,-1.14592,-1.0848,-1.0516800000000002,-1.0284799999999998,-0.9828800000000001,-0.9543999999999999,-0.9174399999999998,-0.89872,-0.8880000000000001,-0.85344,-0.82592,-0.79888,-0.7816,-0.7766400000000001,-0.76208,-0.74672,-0.68784,-0.69808,-0.67248,-0.67056,-0.6592,-0.65632,-0.6308800000000001,-0.6308799999999999,-0.6049599999999999,-0.60576,-0.6012799999999999,-0.56704,-0.5688000000000001,-0.5604799999999999,-0.5435199999999999,-0.5283200000000001,-0.5264,-0.5302400000000002,-0.50112,-0.5016,-0.49344,-0.47215999999999997,-0.46752000000000005,-0.45808,-0.43823999999999996
1.1254789331428303,-1.61904,-1.556,-1.48128,-1.4107200000000002,-1.3624,-1.2790399999999997,-1.2337599999999997,-1.1816,-1.1587200000000002,-1.09552,-1.0612799999999998,-1.03696,-0.992,-0.96144,-0.92256,-0.90496,-0.8926400000000001,-0.8571200000000001,-0.83216,-0.8027200000000001,-0.78688,-0.7807999999999999,-0.76624,-0.74992,-0.68944,-0.69904,-0.6755199999999999,-0.6768000000000001,-0.6592,-0.65952,-0.63248,-0.63152,-0.6062399999999999,-0.6067199999999999,-0.60128,-0.56768,-0.5683200000000002,-0.56048,-0.54512,-0.52928,-0.5267200000000001,-0.5310400000000002,-0.50096,-0.50368,-0.49488000000000004,-0.47232,-0.4678400000000001,-0.4600000000000001,-0.44032
1.160056354458889,-1.6502400000000002,-1.58128,-1.5070400000000004,-1.4348800000000002,-1.3793599999999997,-1.2966399999999998,-1.24912,-1.2017600000000002,-1.16784,-1.10304,-1.06832,-1.0441600000000002,-0.9958400000000001,-0.96736,-0.9296,-0.9102400000000002,-0.8939199999999999,-0.8615999999999999,-0.8335999999999999,-0.8064,-0.78768,-0.7825599999999999,-0.7670399999999999,-0.7528,-0.6928,-0.704,-0.6771200000000002,-0.67792,-0.6617599999999999,-0.6599999999999999,-0.63408,-0.6324799999999999,-0.6104,-0.60832,-0.6025600000000002,-0.568,-0.56896,-0.5612799999999999,-0.5476800000000001,-0.5296000000000001,-0.5272,-0.5323200000000001,-0.5009599999999998,-0.5038400000000001,-0.49632000000000004,-0.47311999999999993,-0.46880000000000005,-0.46032,-0.44128
1.1956960773691052,-1.6891200000000002,-1.61712,-1.52176,-1.4521600000000001,-1.3860800000000002,-1.3131199999999998,-1.25696,-1.2075200000000001,-1.1747199999999998,-1.10992,-1.0716800000000002,-1.04832,-1.00128,-0.9715199999999999,-0.9361600000000001,-0.9134400000000001,-0.8968,-0.8640000000000001,-0.8348800000000001,-0.8119999999999999,-0.78976,-0.7846399999999999,-0.7718400000000001,-0.7535999999999999,-0.6985600000000001,-0.70896,-0.67984,-0.68,-0.6616,-0.66096,-0.63632,-0.63184,-0.6115200000000001,-0.60896,-0.6048000000000001,-0.5697600000000002,-0.5688000000000001,-0.56224,-0.5489600000000001,-0.5300800000000001,-0.52688,-0.53392,-0.5035200000000001,-0.50464,-0.49695999999999996,-0.47215999999999997,-0.46864,-0.45999999999999996,-0.44143999999999994
1.2324307383349036,-1.6960000000000002,-1.6500799999999998,-1.5508799999999998,-1.4849599999999998,-1.4028800000000001,-1.3270399999999998,-1.27792,-1.2163199999999998,-1.1808,-1.11792,-1.0737599999999998,-1.0561600000000002,-1.00688,-0.9747199999999999,-0.9404800000000002,-0.9179200000000002,-0.89824,-0.86832,-0.8371199999999999,-0.8142400000000001,-0.79344,-0.78576,-0.7750400000000001,-0.7545599999999999,-0.6996800000000001,-0.7091200000000001,-0.6811199999999998,-0.68032,-0.6632000000000001,-0.66096,-0.6382399999999999,-0.63344,-0.61152,-0.6105600000000001,-0.6052799999999999,-0.57264,-0.5696000000000001,-0.56368,-0.54896,-0.53056,-0.5292799999999999,-0.5340800000000001,-0.50448,-0.50432,-0.49696000000000007,-0.47359999999999997,-0.46848,-0.46064000000000005,-0.44192
1.2702939764883445,-1.72416,-1.66832,-1.568,-1.4921600000000002,-1.4211199999999997,-1.3384000000000003,-1.28192,-1.2241600000000004,-1.1883200000000003,-1.12112,-1.0761600000000002,-1.06352,-1.0124800000000003,-0.98384,-0.9427200000000001,-0.92096,-0.9024000000000001,-0.87008,-0.8384,-0.8166399999999999,-0.79312,-0.78672,-0.7761600000000002,-0.7575999999999999,-0.70208,-0.71072,-0.68464,-0.68128,-0.66368,-0.66144,-0.63792,-0.6345599999999999,-0.6128,-0.61296,-0.60704,-0.5744,-0.5711999999999999,-0.5651200000000001,-0.5512,-0.5304,-0.5294399999999999,-0.53488,-0.5056,-0.5041599999999999,-0.49728000000000006,-0.47519999999999996,-0.46943999999999997,-0.46191999999999994,-0.44320000000000004
1.309320464436578,-1.7531199999999998,-1.6886400000000001,-1.58384,-1.5073599999999998,-1.4326400000000004,-1.35104,-1.29264,-1.23472,-1.1976,-1.1304000000000003,-1.08368,-1.06672,-1.01456,-0.98848,-0.94672,-0.9231999999999999,-0.9048,-0.8718400000000001,-0.83744,-0.8175999999999999,-0.79312,-0.7883199999999999,-0.77808,-0.75856,-0.7017599999999999,-0.71184,-0.6852799999999999,-0.6832,-0.6648000000000001,-0.66224,-0.6392,-0.63568,-0.6144000000000001,-0.61296,-0.60944,-0.57504,-0.5731200000000001,-0.56608,-0.55088,-0.5304,-0.5294399999999999,-0.53552,-0.5065600000000001,-0.50512,-0.49856,-0.47568,-0.46928000000000003,-0.4624,-0.44320000000000004
1.3495459400126864,-1.76432,-1.6992,-1.5971199999999999,-1.52208,-1.44784,-1.3630399999999998,-1.3008000000000002,-1.23696,-1.20064,-1.1371200000000001,-1.08512,-1.0726399999999998,-1.0198399999999999,-0.9915200000000001,-0.9492800000000001,-0.9267200000000001,-0.90912,-0.8712,-0.8393599999999999,-0.8185600000000001,-0.7966399999999999,-0.78992,-0.7796799999999999,-0.7616,-0.70288,-0.71296,-0.6865599999999998,-0.684,-0.6671999999999999,-0.66144,-0.6399999999999999,-0.6352,-0.61488,-0.6142399999999999,-0.6086400000000001,-0.57568,-0.5740799999999999,-0.56688,-0.5512,-0.53152,-0.52992,-0.53568,-0.5072,-0.5056,-0.49984,-0.47568,-0.46992,-0.4627199999999999,-0.44288000000000005
1.3910072390019879,-1.7817600000000002,-1.7139199999999999,-1.61264,-1.52896,-1.4576,-1.37056,-1.3091199999999998,-1.2455999999999998,-1.20368,-1.13888,-1.0904,-1.07472,-1.0224,-0.9911999999999999,-0.9495999999999999,-0.92928,-0.91088,-0.8736,-0.8419199999999998,-0.8203199999999999,-0.79728,-0.79104,-0.7816,-0.7620799999999999,-0.7052799999999999,-0.7128000000000001,-0.68816,-0.6843199999999999,-0.6683199999999999,-0.66384,-0.6395199999999999,-0.6364799999999999,-0.6152,-0.61392,-0.6088,-0.57504,-0.5744,-0.56704,-0.55264,-0.5319999999999999,-0.53024,-0.536,-0.5078400000000001,-0.5056,-0.5001599999999999,-0.47551999999999994,-0.46992,-0.4627199999999999,-0.44496
1.4337423288737725,-1.79328,-1.72864,-1.62336,-1.54032,-1.4636799999999999,-1.38064,-1.31472,-1.24528,-1.2081600000000001,-1.1440000000000001,-1.0943999999999998,-1.07952,-1.02064,-0.99344,-0.95136,-0.9294399999999999,-0.91328,-0.8744,-0.8427199999999999,-0.8200000000000001,-0.7990400000000001,-0.7931199999999999,-0.7838399999999999,-0.76464,-0.7057599999999999,-0.7128,-0.68896,-0.6867200000000001,-0.6721600000000001,-0.6662399999999999,-0.6417599999999999,-0.63776,-0.6161599999999999,-0.61504,-0.6100800000000001,-0.57552,-0.5768,-0.5673600000000001,-0.5523200000000001,-0.53184,-0.53088,-0.5363200000000001,-0.50832,-0.5062399999999999,-0.50064,-0.47535999999999995,-0.4704,-0.46319999999999995,-0.4459200000000001
1.477790343549357,-1.8089600000000001,-1.7393599999999996,-1.6300800000000002,-1.54832,-1.468,-1.3827199999999997,-1.3208,-1.2544,-1.21184,-1.1494399999999998,-1.09632,-1.08128,-1.0249599999999999,-0.9966399999999999,-0.9540799999999999,-0.93008,-0.9143999999999999,-0.8775999999999999,-0.8431999999999998,-0.82032,-0.80016,-0.7928,-0.7844800000000001,-0.7665599999999999,-0.70864,-0.7135999999999999,-0.6891200000000001,-0.6868800000000002,-0.67232,-0.6668799999999999,-0.64272,-0.63792,-0.6159999999999999,-0.616,-0.6100800000000001,-0.5755199999999999,-0.5766399999999999,-0.56704,-0.5524800000000001,-0.5319999999999999,-0.53088,-0.53632,-0.50896,-0.5064,-0.5012800000000001,-0.47584,-0.47024,-0.46415999999999996,-0.4457600000000001
1.5231916192382944,-1.81664,-1.7487999999999997,-1.63936,-1.55216,-1.47504,-1.3904,-1.32736,-1.25712,-1.21328,-1.15232,-1.1006399999999998,-1.0841600000000002,-1.0273600000000003,-0.9998399999999998,-0.9566400000000002,-0.93072,-0.91584,-0.8787199999999998,-0.8449599999999998,-0.82112,-0.8020799999999999,-0.79408,-0.7859200000000001,-0.7673599999999999,-0.70976,-0.7153600000000001,-0.69056,-0.68672,-0.672,-0.6665599999999999,-0.6428799999999999,-0.63984,-0.61712,-0.61616,-0.6105600000000001,-0.5771200000000001,-0.5769599999999999,-0.5671999999999999,-0.5528000000000001,-0.5316799999999999,-0.5310400000000001,-0.53632,-0.50912,-0.50688,-0.50144,-0.47551999999999994,-0.47056,-0.4648,-0.4462400000000001
1.5699877313755697,-1.82512,-1.7574400000000001,-1.65152,-1.5592000000000001,-1.4831999999999999,-1.3948800000000001,-1.3323199999999997,-1.2616,-1.2166400000000002,-1.15504,-1.1014399999999998,-1.0859200000000002,-1.02992,-1.00048,-0.95808,-0.9326399999999999,-0.91776,-0.88128,-0.8465599999999999,-0.82208,-0.80288,-0.7939200000000001,-0.78768,-0.76784,-0.70992,-0.71616,-0.69008,-0.6872,-0.67296,-0.6668799999999999,-0.64304,-0.6408,-0.61744,-0.6164799999999999,-0.6104,-0.5782400000000001,-0.57776,-0.5671999999999999,-0.5534399999999999,-0.53136,-0.5318400000000001,-0.53616,-0.5094399999999999,-0.50752,-0.5012800000000001,-0.47568,-0.47104,-0.4648,-0.4464
1.6182215326935787,-1.83792,-1.77216,-1.66304,-1.56288,-1.4863999999999997,-1.4001599999999998,-1.3359999999999999,-1.2631999999999999,-1.21824,-1.1571200000000001,-1.1027200000000001,-1.0859200000000002,-1.03088,-1.00112,-0.95968,-0.9366399999999999,-0.9192,-0.8817600000000001,-0.8480000000000001,-0.82256,-0.8041599999999999,-0.7947200000000001,-0.7883199999999999,-0.7678400000000001,-0.70992,-0.71616,-0.69104,-0.6873600000000001,-0.6739200000000001,-0.66736,-0.6432,-0.6406400000000001,-0.6168,-0.6176,-0.6104,-0.5784,-0.5776,-0.5671999999999999,-0.5536000000000001,-0.5316799999999999,-0.53184,-0.53632,-0.5096,-0.50816,-0.5016,-0.47568,-0.47104,-0.4648,-0.4464
1.6679371924637858,-1.8430400000000002,-1.77728,-1.67088,-1.5684799999999999,-1.4926399999999997,-1.40528,-1.3399999999999999,-1.2636800000000001,-1.22176,-1.1598400000000002,-1.10336,-1.0884800000000001,-1.03088,-1.00256,-0.9622400000000001,-0.9385600000000001,-0.9201600000000001,-0.88384,-0.84864,-0.8231999999999999,-0.8038399999999999,-0.7953600000000001,-0.78864,-0.768,-0.7113599999999999,-0.7168,-0.692,-0.6876800000000001,-0.67376,-0.66768,-0.6432,-0.6408,-0.6167999999999999,-0.61744,-0.61136,-0.5784,-0.57856,-0.56688,-0.55328,-0.5319999999999999,-0.53232,-0.53632,-0.5100800000000001,-0.5083199999999999,-0.50192,-0.476,-0.47119999999999995,-0.4648,-0.4464
1.7191802369439666,-1.84944,-1.7831999999999997,-1.6769599999999998,-1.57408,-1.4961600000000002,-1.4076799999999998,-1.34208,-1.2657600000000002,-1.22448,-1.15968,-1.10448,-1.08992,-1.0337600000000002,-1.0028800000000002,-0.96384,-0.9399999999999998,-0.9222400000000001,-0.8844799999999999,-0.8504000000000002,-0.8233599999999999,-0.8048,-0.79584,-0.78928,-0.7689600000000001,-0.7115199999999999,-0.71728,-0.6934400000000001,-0.6873600000000001,-0.67408,-0.66896,-0.6432,-0.64128,-0.6187199999999999,-0.61776,-0.61136,-0.5782399999999999,-0.5788800000000001,-0.56704,-0.5536,-0.5319999999999999,-0.53216,-0.53632,-0.5100800000000001,-0.50896,-0.5024,-0.476,-0.47135999999999995,-0.4648,-0.4462400000000001
1.771997591068097,-1.8563199999999997,-1.7897599999999998,-1.6832,-1.57888,-1.49552,-1.41168,-1.34528,-1.2692800000000002,-1.22592,-1.16368,-1.1044800000000001,-1.09168,-1.0345600000000001,-1.0027200000000003,-0.9657600000000001,-0.9403199999999998,-0.9228799999999999,-0.8852799999999998,-0.85136,-0.8243199999999999,-0.8057599999999999,-0.7964800000000001,-0.7896,-0.7688,-0.7115199999999999,-0.71808,-0.6934400000000001,-0.68752,-0.6756800000000001,-0.6688,-0.6432,-0.64128,-0.61904,-0.61776,-0.6115200000000001,-0.5785600000000001,-0.57856,-0.5672,-0.5539200000000001,-0.5319999999999999,-0.53264,-0.53632,-0.5100800000000001,-0.50912,-0.50272,-0.476,-0.47119999999999995,-0.46495999999999993,-0.4464
1.8264376214170501,-1.85936,-1.79408,-1.6857600000000001,-1.58368,-1.49984,-1.41344,-1.34736,-1.2711999999999999,-1.2272000000000003,-1.1651200000000002,-1.1059199999999998,-1.0936,-1.03536,-1.00288,-0.96608,-0.94112,-0.9224,-0.88688,-0.8532800000000001,-0.82528,-0.80608,-0.79632,-0.7896,-0.7704000000000001,-0.7116799999999999,-0.7176000000000001,-0.6934400000000001,-0.6876800000000001,-0.67584,-0.6692800000000001,-0.64368,-0.64096,-0.61936,-0.6184,-0.6115200000000001,-0.5785600000000001,-0.57936,-0.5673600000000001,-0.5539200000000001,-0.53216,-0.53264,-0.53632,-0.5100800000000001,-0.50912,-0.50256,-0.476,-0.47119999999999995,-0.46495999999999993,-0.4464
1.882550180509458,-1.86288,-1.8009600000000003,-1.6870400000000003,-1.58896,-1.504,-1.41536,-1.3492799999999998,-1.2732800000000002,-1.2299200000000003,-1.16528,-1.1065599999999998,-1.09392,-1.03648,-1.0048,-0.96656,-0.9414399999999998,-0.9228799999999999,-0.88784,-0.8542400000000001,-0.82528,-0.8065599999999999,-0.79632,-0.78928,-0.77056,-0.7116799999999999,-0.7184,-0.6937599999999999,-0.68848,-0.6756800000000001,-0.6699200000000001,-0.6443200000000001,-0.64176,-0.6199999999999999,-0.61888,-0.612,-0.57872,-0.5791999999999999,-0.56752,-0.5536,-0.53216,-0.53264,-0.53632,-0.5100800000000001,-0.50912,-0.50272,-0.47631999999999997,-0.47152000000000005,-0.46495999999999993,-0.4464
1.9403866524532982,-1.8694400000000002,-1.80624,-1.6919999999999997,-1.59264,-1.5078399999999998,-1.4171200000000002,-1.34992,-1.27488,-1.2308800000000002,-1.1659200000000003,-1.10736,-1.09376,-1.0358399999999999,-1.0062400000000002,-0.9683200000000001,-0.9425600000000001,-0.9235199999999999,-0.8884799999999998,-0.8543999999999998,-0.8275200000000001,-0.80672,-0.79664,-0.7904,-0.77056,-0.7123200000000001,-0.71856,-0.69392,-0.68848,-0.6759999999999999,-0.6704,-0.6446400000000001,-0.64192,-0.6199999999999999,-0.6187199999999999,-0.61136,-0.57856,-0.5795199999999999,-0.56752,-0.5536000000000001,-0.53216,-0.53248,-0.53632,-0.5104,-0.50976,-0.50272,-0.47631999999999997,-0.47152000000000005,-0.46495999999999993,-0.4464
2.0,-1.8763199999999998,-1.8089600000000001,-1.69424,-1.5939200000000002,-1.50848,-1.41952,-1.3512,-1.2759999999999998,-1.2297600000000002,-1.1660800000000002,-1.1096,-1.0943999999999998,-1.036,-1.0068800000000002,-0.96944,-0.9427200000000001,-0.92432,-0.8891199999999999,-0.8548799999999999,-0.82736,-0.80672,-0.79728,-0.79072,-0.77024,-0.71296,-0.71872,-0.69392,-0.6883199999999999,-0.6763199999999999,-0.6704,-0.6446400000000001,-0.64192,-0.6203199999999999,-0.61888,-0.6119999999999999,-0.57872,-0.57968,-0.56752,-0.5536,-0.53216,-0.53264,-0.53632,-0.5104,-0.5099199999999999,-0.50272,-0.4766399999999999,-0.47152000000000005,-0.46495999999999993,-0.44688000000000005
