0.1,-0.052528,-0.063232,-0.07025600000000001,-0.06644800000000001,-0.067952,-0.070848,-0.066416,-0.06603199999999998,-0.06942399999999999,-0.06728,-0.064448,-0.065776,-0.06568,-0.06374400000000001,-0.061904,-0.06433599999999999,-0.06129600000000001,-0.064192,-0.06339200000000002,-0.05780799999999999,-0.06369600000000002,-0.06137599999999999,-0.05900800000000001,-0.057872000000000014,-0.057407999999999994,-0.05590400000000001,-0.05491199999999999,-0.05769600000000001,-0.05422400000000001,-0.055039999999999985,-0.055072,-0.054959999999999995,-0.052927999999999996,-0.05787200000000001,-0.05329599999999999,-0.054112,-0.05073600000000001,-0.05743999999999999,-0.050528,-0.053952,-0.048831999999999987,-0.055456000000000005,-0.047616,-0.04684800000000001,-0.04683199999999999,-0.047327999999999995,-0.04446400000000002,-0.048639999999999996,-0.048
0.1030722406522087,-0.09868799999999998,-0.10030400000000002,-0.10486399999999999,-0.101728,-0.10424,-0.09468799999999998,-0.09420799999999999,-0.096448,-0.09651199999999999,-0.09540800000000002,-0.09571199999999999,-0.096736,-0.096288,-0.101056,-0.09940800000000001,-0.092304,-0.096464,-0.09660800000000001,-0.097232,-0.096176,-0.097376,-0.09048,-0.09816000000000001,-0.09201600000000001,-0.092736,-0.098384,-0.091936,-0.092224,-0.09502399999999998,-0.09078399999999999,-0.088608,-0.092896,-0.08748800000000002,-0.09464,-0.09377599999999997,-0.090512,-0.09128,-0.09569600000000003,-0.09316799999999999,-0.08769599999999998,-0.092592,-0.09267199999999999,-0.09187200000000002,-0.088864,-0.09027199999999999,-0.09315200000000003,-0.08817599999999999,-0.09143999999999998,-0.08612799999999998
0.10623886793066822,-0.10246400000000001,-0.10840000000000004,-0.10999999999999999,-0.10444799999999999,-0.11148800000000002,-0.10017600000000002,-0.10521600000000002,-0.10244800000000004,-0.105616,-0.102432,-0.10614400000000002,-0.10441600000000002,-0.09985599999999999,-0.10540800000000003,-0.10804800000000002,-0.104672,-0.10399999999999998,-0.10278400000000001,-0.10657600000000002,-0.10809600000000001,-0.104208,-0.102384,-0.10380800000000001,-0.106432,-0.10252800000000002,-0.10627199999999996,-0.10499199999999999,-0.09780799999999999,-0.10057600000000001,-0.09670400000000001,-0.10630400000000004,-0.10079999999999999,-0.09944000000000001,-0.10246400000000001,-0.10505599999999995,-0.106576,-0.105168,-0.10115199999999998,-0.1044,-0.10139199999999998,-0.101456,-0.10500799999999998,-0.10751999999999998,-0.101616,-0.10548799999999997,-0.1004,-0.10168,-0.10161599999999998,-0.10315200000000001
0.10950278161968055,-0.10820799999999998,-0.10768000000000001,-0.108784,-0.10601600000000001,-0.107472,-0.10510400000000003,-0.106928,-0.11132800000000001,-0.11124799999999997,-0.10528,-0.11134400000000001,-0.11432000000000002,-0.110816,-0.10859200000000004,-0.11059200000000001,-0.10894400000000001,-0.11192,-0.111504,-0.10553599999999999,-0.10692799999999998,-0.10688,-0.112848,-0.10936,-0.106768,-0.11230400000000001,-0.10904000000000001,-0.11062400000000001,-0.10972799999999998,-0.10932800000000002,-0.10883199999999998,-0.111392,-0.10182400000000003,-0.109376,-0.104192,-0.107296,-0.108544,-0.10628800000000002,-0.10500799999999998,-0.10676799999999999,-0.10671999999999998,-0.11075199999999999,-0.10888,-0.112016,-0.10713600000000004,-0.11140800000000001,-0.11040000000000001,-0.10731199999999998,-0.105824,-0.10321600000000002
0.11286697059189968,-0.11039999999999997,-0.11110399999999998,-0.11491200000000003,-0.11184,-0.113296,-0.115056,-0.11046400000000002,-0.11456000000000004,-0.11249600000000001,-0.11817600000000002,-0.11827199999999997,-0.11009599999999999,-0.113152,-0.112608,-0.11121600000000001,-0.11339200000000002,-0.11265599999999999,-0.108608,-0.11465600000000001,-0.108928,-0.113856,-0.11364799999999997,-0.114672,-0.10908799999999999,-0.11528000000000004,-0.11446400000000001,-0.11478400000000001,-0.110656,-0.110016,-0.10824000000000002,-0.114256,-0.111696,-0.11019200000000001,-0.11396799999999997,-0.11767999999999997,-0.11097599999999998,-0.11134400000000001,-0.10952000000000002,-0.10895999999999999,-0.11184000000000001,-0.11745599999999999,-0.11059199999999998,-0.10777600000000001,-0.111904,-0.10935999999999998,-0.11719999999999998,-0.11456,-0.11208,-0.10448000000000002
0.11633451554534047,-0.11620799999999995,-0.12036800000000003,-0.11806400000000002,-0.118448,-0.11576000000000003,-0.114704,-0.112576,-0.11897600000000001,-0.115792,-0.113248,-0.12352,-0.11348799999999999,-0.115712,-0.11982400000000001,-0.11764799999999999,-0.11535999999999999,-0.12032000000000002,-0.11414400000000001,-0.11656000000000001,-0.111664,-0.12278399999999998,-0.12409600000000001,-0.11528,-0.11508800000000001,-0.11667200000000001,-0.11764799999999999,-0.11998400000000001,-0.11446400000000001,-0.11406399999999996,-0.11523200000000003,-0.118112,-0.117568,-0.11793600000000001,-0.118384,-0.11728000000000001,-0.11615999999999999,-0.119504,-0.112032,-0.12016000000000003,-0.114928,-0.11697600000000001,-0.115504,-0.113088,-0.113536,-0.11435199999999998,-0.11500799999999999,-0.117808,-0.11923200000000002,-0.11376
0.11990859182447446,-0.117984,-0.121728,-0.120096,-0.11888000000000001,-0.12136,-0.11478400000000001,-0.12030400000000001,-0.117408,-0.119456,-0.11609600000000002,-0.12083200000000004,-0.11560000000000002,-0.12219200000000001,-0.11828799999999998,-0.11998400000000001,-0.12211200000000001,-0.12753599999999998,-0.11847999999999999,-0.11956800000000001,-0.11971200000000003,-0.11915199999999998,-0.124064,-0.12441599999999997,-0.11692800000000006,-0.12340800000000002,-0.11982399999999997,-0.125792,-0.11974399999999999,-0.118416,-0.11944,-0.117888,-0.11616,-0.12251200000000001,-0.12568,-0.124384,-0.11979200000000004,-0.11924799999999999,-0.11705600000000001,-0.121312,-0.12129599999999999,-0.119664,-0.11977600000000001,-0.11886399999999997,-0.11507200000000002,-0.115264,-0.116624,-0.11971200000000003,-0.12083199999999997,-0.12481600000000002
0.12359247232799697,-0.11979200000000002,-0.11808000000000002,-0.12465599999999999,-0.12436800000000002,-0.12123200000000002,-0.125504,-0.125152,-0.116624,-0.125776,-0.12289599999999998,-0.126368,-0.11976,-0.12561600000000003,-0.12692800000000004,-0.12345600000000002,-0.12228799999999998,-0.12515199999999999,-0.12502400000000002,-0.12616000000000002,-0.126032,-0.122288,-0.12273599999999998,-0.127408,-0.121856,-0.12521600000000002,-0.12961599999999998,-0.12393600000000003,-0.12153600000000003,-0.125936,-0.125776,-0.123632,-0.12488000000000002,-0.12284800000000001,-0.12278399999999999,-0.124144,-0.12156800000000001,-0.12568,-0.12174400000000002,-0.12102399999999999,-0.12291199999999997,-0.12412800000000003,-0.12009599999999997,-0.122992,-0.125376,-0.12150400000000001,-0.12495999999999997,-0.12574399999999997,-0.12011199999999997,-0.12411199999999999
0.1273895305059275,-0.12174400000000002,-0.127248,-0.12832000000000002,-0.126032,-0.12775999999999998,-0.1292,-0.13208,-0.1284,-0.1228,-0.12561599999999998,-0.127216,-0.12480000000000001,-0.12667200000000003,-0.12814399999999998,-0.131216,-0.12511999999999998,-0.13163200000000003,-0.12692799999999999,-0.131232,-0.130336,-0.12916799999999998,-0.127952,-0.13174399999999997,-0.13032,-0.12828799999999999,-0.12840000000000001,-0.1296,-0.129392,-0.12577600000000003,-0.131776,-0.120272,-0.12249599999999995,-0.12564799999999998,-0.12462400000000001,-0.125536,-0.13127999999999998,-0.13070400000000001,-0.129776,-0.128304,-0.12692799999999996,-0.13065600000000002,-0.12460800000000002,-0.125696,-0.126352,-0.127024,-0.12345600000000001,-0.13171199999999997,-0.130512,-0.12921599999999997
0.13130324344878838,-0.12630399999999997,-0.13232000000000002,-0.13390399999999997,-0.13214399999999998,-0.130944,-0.13599999999999998,-0.137376,-0.12961599999999998,-0.13328,-0.13889600000000002,-0.1292,-0.13232000000000002,-0.131072,-0.13172799999999998,-0.13004799999999997,-0.12672,-0.127376,-0.13118399999999997,-0.13436800000000002,-0.13648000000000002,-0.13448,-0.13212800000000002,-0.128944,-0.13232000000000002,-0.13105599999999998,-0.130816,-0.132448,-0.128048,-0.133696,-0.131904,-0.12592,-0.13268799999999997,-0.130912,-0.126768,-0.130096,-0.131936,-0.12862399999999993,-0.13136,-0.134096,-0.133936,-0.13267199999999998,-0.13123200000000002,-0.1372,-0.13105599999999998,-0.13728,-0.131968,-0.12827200000000002,-0.13217600000000002,-0.12535999999999997
0.13533719507169062,-0.14060799999999996,-0.13734400000000002,-0.14091200000000004,-0.13640000000000002,-0.134784,-0.135664,-0.135648,-0.13376,-0.135824,-0.13916800000000001,-0.12900799999999998,-0.13479999999999998,-0.13648,-0.136592,-0.13475199999999998,-0.13104,-0.13366399999999998,-0.14047999999999997,-0.134656,-0.135856,-0.13768,-0.13464,-0.13691199999999998,-0.13096,-0.13547199999999998,-0.132992,-0.139408,-0.135008,-0.13312000000000002,-0.13076799999999997,-0.136416,-0.136304,-0.139792,-0.13832,-0.13923199999999997,-0.13846399999999998,-0.135968,-0.13296000000000002,-0.132304,-0.137504,-0.12961600000000006,-0.136448,-0.135968,-0.13492800000000002,-0.136432,-0.131232,-0.13537600000000002,-0.137568,-0.13473600000000002
0.1394950793962421,-0.14168,-0.14116800000000002,-0.13902400000000004,-0.139744,-0.14264,-0.14227199999999998,-0.14159999999999998,-0.142784,-0.137936,-0.13657599999999998,-0.14143999999999998,-0.13985599999999998,-0.14584,-0.13755199999999998,-0.134224,-0.13761600000000002,-0.139664,-0.14401600000000003,-0.13391999999999996,-0.143072,-0.135344,-0.14441600000000002,-0.14254399999999998,-0.13936,-0.14268799999999998,-0.14054399999999997,-0.14545600000000003,-0.141264,-0.140032,-0.13568000000000002,-0.13656000000000001,-0.13887999999999998,-0.142928,-0.134768,-0.14107199999999998,-0.13683199999999998,-0.14585599999999999,-0.13736,-0.13833600000000001,-0.140624,-0.13720000000000002,-0.137536,-0.14099199999999998,-0.14081600000000002,-0.13740800000000003,-0.13463999999999998,-0.139568,-0.13918400000000003,-0.133424
0.14378070393328424,-0.15056,-0.14409600000000003,-0.144832,-0.14548799999999995,-0.149632,-0.14447999999999997,-0.14785600000000002,-0.14448,-0.147568,-0.145488,-0.144784,-0.14638400000000001,-0.14411200000000002,-0.14051200000000003,-0.14564799999999997,-0.14742400000000003,-0.14670399999999997,-0.13771199999999997,-0.13835199999999997,-0.14905599999999997,-0.142768,-0.142176,-0.14577600000000004,-0.142976,-0.142464,-0.143696,-0.147488,-0.1388,-0.14084799999999997,-0.14679999999999996,-0.14433600000000002,-0.138992,-0.13976,-0.14407999999999999,-0.14979199999999998,-0.14488,-0.140944,-0.14448,-0.14505600000000002,-0.14510399999999998,-0.14488,-0.141328,-0.145808,-0.14001599999999995,-0.14488,-0.143664,-0.14632000000000003,-0.145792,-0.142864
0.14819799316955445,-0.15031999999999998,-0.14950399999999997,-0.15072000000000002,-0.146176,-0.14956799999999995,-0.1508,-0.146432,-0.14713600000000002,-0.14736,-0.14720000000000003,-0.15027200000000002,-0.14534400000000003,-0.147712,-0.14862400000000003,-0.15003199999999997,-0.15009599999999998,-0.1488,-0.139904,-0.148768,-0.14964799999999998,-0.151088,-0.15316799999999997,-0.151504,-0.15244799999999997,-0.14320000000000002,-0.154944,-0.14707199999999998,-0.143664,-0.15339199999999997,-0.14728000000000002,-0.148144,-0.15056,-0.153216,-0.15128,-0.14966400000000002,-0.148048,-0.149776,-0.14961599999999997,-0.152224,-0.14574399999999996,-0.147344,-0.153088,-0.14900799999999997,-0.14996800000000005,-0.14699199999999998,-0.15047999999999997,-0.144144,-0.15288000000000002,-0.15080000000000002
0.15275099216146698,-0.15251199999999998,-0.151504,-0.154848,-0.152672,-0.15118399999999999,-0.15587199999999998,-0.153504,-0.15408000000000002,-0.15235199999999996,-0.157024,-0.157904,-0.15520000000000003,-0.15228799999999998,-0.15497599999999997,-0.159072,-0.15436799999999995,-0.154496,-0.15156799999999998,-0.148656,-0.15251199999999998,-0.15457600000000005,-0.15521600000000002,-0.15545599999999998,-0.15752,-0.15577600000000003,-0.15231999999999998,-0.15409599999999998,-0.146448,-0.15331200000000003,-0.149168,-0.156304,-0.15256,-0.15239999999999998,-0.156272,-0.15419199999999997,-0.15096,-0.156576,-0.1476,-0.151296,-0.151248,-0.149744,-0.154576,-0.15401600000000001,-0.15039999999999998,-0.15507200000000002,-0.14990399999999998,-0.1536,-0.155392,-0.14775999999999997
0.15744387023930367,-0.15561600000000003,-0.15855999999999998,-0.15511999999999998,-0.15512,-0.15728,-0.161664,-0.1548,-0.159136,-0.157888,-0.15801600000000002,-0.15804800000000002,-0.15952,-0.15927999999999998,-0.15660799999999997,-0.158048,-0.161168,-0.15902400000000003,-0.156208,-0.15644800000000003,-0.15651199999999998,-0.16092800000000004,-0.15928000000000003,-0.161408,-0.14894400000000002,-0.16028799999999996,-0.15457599999999996,-0.15763199999999997,-0.15280000000000002,-0.15632000000000004,-0.161712,-0.15807999999999997,-0.15747199999999997,-0.157792,-0.16023999999999997,-0.156816,-0.15524799999999997,-0.151824,-0.159392,-0.15238400000000002,-0.15688,-0.158464,-0.152832,-0.160224,-0.15758400000000003,-0.157232,-0.158544,-0.154368,-0.166176,-0.157104
0.16228092482520629,-0.161504,-0.16737599999999994,-0.16455999999999998,-0.16123200000000001,-0.16755200000000003,-0.16753600000000005,-0.1648,-0.16156800000000002,-0.16475199999999998,-0.168944,-0.16172799999999996,-0.16276799999999997,-0.16568000000000002,-0.15990400000000002,-0.16550399999999998,-0.16627199999999998,-0.160032,-0.16622400000000004,-0.16312,-0.163808,-0.15999999999999998,-0.161584,-0.158336,-0.161632,-0.16563199999999997,-0.16048,-0.16072,-0.16304,-0.162624,-0.16908800000000002,-0.1672,-0.164192,-0.160288,-0.16513599999999998,-0.16339199999999998,-0.161296,-0.16260800000000003,-0.15776,-0.16568000000000005,-0.16047999999999998,-0.16136000000000006,-0.158592,-0.16308799999999998,-0.15966399999999997,-0.157712,-0.163824,-0.164128,-0.16262399999999996,-0.16312000000000004
0.16726658536846653,-0.17152000000000003,-0.16379199999999997,-0.16568000000000002,-0.168016,-0.175152,-0.167888,-0.17038399999999998,-0.16601600000000005,-0.17563200000000007,-0.167248,-0.16391999999999998,-0.16910400000000003,-0.16844799999999996,-0.166896,-0.165904,-0.16897600000000002,-0.17180800000000002,-0.16896,-0.173824,-0.16825600000000002,-0.167792,-0.16888000000000003,-0.16505599999999998,-0.16790400000000005,-0.165104,-0.16879999999999998,-0.17206400000000002,-0.16835199999999997,-0.16827200000000006,-0.17224,-0.16652799999999998,-0.166592,-0.16552000000000003,-0.167248,-0.172368,-0.16433599999999998,-0.165024,-0.16092800000000002,-0.16895999999999997,-0.16542399999999996,-0.168896,-0.162592,-0.16568000000000002,-0.16603199999999999,-0.165184,-0.16823999999999997,-0.16948799999999997,-0.168352,-0.16987200000000002
0.17240541740171791,-0.17596800000000004,-0.171856,-0.17457599999999998,-0.176368,-0.171728,-0.17180800000000002,-0.176256,-0.17236800000000002,-0.173984,-0.17081600000000002,-0.17447999999999997,-0.17315199999999997,-0.17086400000000002,-0.17449600000000004,-0.171008,-0.17158399999999996,-0.173872,-0.174976,-0.17600000000000002,-0.16988799999999998,-0.175568,-0.17180800000000002,-0.16473599999999997,-0.17048000000000005,-0.17038400000000004,-0.17852800000000002,-0.17641599999999993,-0.173616,-0.17150400000000002,-0.17615999999999998,-0.17137600000000003,-0.170144,-0.17088,-0.168352,-0.17395200000000002,-0.17288,-0.16534400000000002,-0.16872000000000004,-0.17081599999999997,-0.17739200000000005,-0.17019199999999998,-0.17051199999999997,-0.171648,-0.17215999999999998,-0.166048,-0.17046399999999998,-0.171632,-0.175888,-0.16872
0.1777021267217436,-0.177712,-0.17905599999999997,-0.175952,-0.18033599999999997,-0.178656,-0.177424,-0.18249599999999996,-0.18345599999999998,-0.181088,-0.17747200000000002,-0.17828799999999997,-0.183056,-0.17745600000000003,-0.17550399999999997,-0.18348799999999998,-0.178736,-0.18076799999999998,-0.179472,-0.18155200000000005,-0.179024,-0.18374400000000002,-0.176176,-0.18176000000000003,-0.18091199999999996,-0.174352,-0.177776,-0.17942399999999994,-0.18393600000000002,-0.18342399999999998,-0.182256,-0.179984,-0.17731199999999997,-0.17142399999999994,-0.17435199999999998,-0.18115199999999995,-0.176176,-0.17408,-0.17878400000000003,-0.173824,-0.18315199999999998,-0.17916799999999994,-0.175872,-0.1776,-0.17444800000000002,-0.17697600000000002,-0.17207999999999998,-0.176448,-0.17692800000000003,-0.176992
0.18316156369872838,-0.18147199999999997,-0.18703999999999998,-0.18428800000000004,-0.187808,-0.18577599999999997,-0.179184,-0.185888,-0.186416,-0.18307199999999998,-0.17945599999999998,-0.18721600000000002,-0.18384,-0.187296,-0.18584,-0.18916800000000003,-0.18423999999999996,-0.179136,-0.183936,-0.178496,-0.18094400000000005,-0.184176,-0.185152,-0.18584000000000006,-0.186384,-0.17942400000000006,-0.18028799999999998,-0.18209599999999998,-0.18481599999999998,-0.18316799999999997,-0.18771199999999996,-0.185392,-0.18462399999999998,-0.18198399999999995,-0.18276799999999999,-0.18777600000000003,-0.184816,-0.18657600000000002,-0.18556799999999998,-0.180256,-0.19056,-0.180416,-0.18612799999999996,-0.18519999999999995,-0.18238399999999996,-0.18473599999999998,-0.18300799999999998,-0.182528,-0.18392000000000003,-0.18796799999999997
0.18878872771790187,-0.18511999999999998,-0.188928,-0.188544,-0.18953600000000004,-0.192544,-0.187824,-0.19006399999999998,-0.19344,-0.19614399999999996,-0.18876799999999996,-0.18774400000000002,-0.19139199999999998,-0.19204800000000002,-0.194544,-0.19331199999999998,-0.191344,-0.19131200000000004,-0.18600000000000003,-0.19200000000000003,-0.19224000000000005,-0.19183999999999998,-0.19043200000000002,-0.190224,-0.1892,-0.19185599999999997,-0.187312,-0.18643200000000001,-0.19366400000000003,-0.19044799999999998,-0.18523200000000004,-0.193344,-0.188832,-0.18926400000000002,-0.189008,-0.19087999999999997,-0.18849600000000002,-0.189104,-0.18604800000000005,-0.19215999999999997,-0.19859200000000002,-0.18384,-0.19278399999999998,-0.19081599999999999,-0.19297599999999998,-0.19206399999999998,-0.18953600000000004,-0.18689599999999998,-0.191584,-0.18902399999999994
0.19458877175763883,-0.19819199999999998,-0.19852799999999995,-0.196752,-0.19539199999999998,-0.19958399999999998,-0.19896,-0.19012799999999996,-0.19729599999999994,-0.197456,-0.19859199999999994,-0.19524799999999995,-0.19956800000000002,-0.19483200000000003,-0.19540799999999997,-0.19451199999999996,-0.19432,-0.19340799999999994,-0.19889600000000002,-0.190736,-0.19259199999999999,-0.1936,-0.199648,-0.193632,-0.19676800000000003,-0.197744,-0.201328,-0.195264,-0.192384,-0.19526399999999997,-0.19844799999999999,-0.19329600000000002,-0.19175999999999996,-0.199856,-0.19228800000000004,-0.19550400000000004,-0.2036,-0.197616,-0.19267200000000007,-0.19315199999999996,-0.193648,-0.19488,-0.19816000000000003,-0.193952,-0.199328,-0.19527999999999995,-0.19366400000000003,-0.194544,-0.20182399999999998,-0.19598400000000002
0.20056700710821065,-0.20768,-0.20774400000000004,-0.199936,-0.20048,-0.200624,-0.202592,-0.20841600000000005,-0.20220800000000005,-0.20664000000000002,-0.20590399999999998,-0.19823999999999997,-0.20723200000000003,-0.20577600000000001,-0.198416,-0.20425599999999997,-0.20648000000000002,-0.20256,-0.20572800000000005,-0.20075199999999999,-0.19945600000000002,-0.20582399999999995,-0.20609599999999997,-0.19779200000000002,-0.19948800000000003,-0.201696,-0.19872000000000004,-0.19411199999999998,-0.20007999999999998,-0.201936,-0.20656,-0.19864,-0.19823999999999997,-0.198384,-0.20081600000000002,-0.1983040000000001,-0.203344,-0.20414400000000005,-0.20396799999999998,-0.20091199999999998,-0.204336,-0.19793599999999995,-0.19942400000000002,-0.20332799999999995,-0.20334400000000002,-0.19864,-0.203008,-0.20048000000000002,-0.20129600000000003,-0.19662400000000002
0.2067289082355074,-0.2036,-0.209568,-0.21544,-0.21238399999999996,-0.20977599999999996,-0.20798400000000006,-0.20911999999999994,-0.207216,-0.21038400000000002,-0.21107200000000004,-0.20568000000000006,-0.20748800000000003,-0.21614399999999998,-0.212512,-0.21081599999999998,-0.214448,-0.210944,-0.20632000000000006,-0.210112,-0.211344,-0.206816,-0.208192,-0.20697600000000008,-0.20748800000000003,-0.210752,-0.20353600000000005,-0.20187199999999997,-0.207088,-0.207456,-0.21259199999999998,-0.20652800000000002,-0.20392000000000007,-0.204464,-0.20417599999999997,-0.20497600000000002,-0.20782400000000004,-0.20876799999999995,-0.20878400000000003,-0.21065600000000004,-0.21068800000000004,-0.20940800000000007,-0.20321599999999995,-0.20336,-0.21208000000000005,-0.20984000000000005,-0.211696,-0.212096,-0.20820800000000003,-0.2028
0.21308011779418592,-0.20838400000000004,-0.21539200000000006,-0.218752,-0.21523200000000006,-0.218032,-0.21814400000000003,-0.21675200000000003,-0.21654399999999996,-0.21475199999999997,-0.21536000000000002,-0.21159999999999995,-0.21564799999999998,-0.22046399999999994,-0.220384,-0.21110399999999999,-0.21779200000000004,-0.21582399999999996,-0.21897599999999998,-0.21847999999999998,-0.220816,-0.21387200000000003,-0.21596799999999994,-0.21691200000000002,-0.21390399999999998,-0.21398400000000004,-0.20843199999999995,-0.21558400000000003,-0.21732800000000005,-0.21239999999999995,-0.21804799999999994,-0.21400000000000002,-0.20830400000000002,-0.208656,-0.21880000000000002,-0.213872,-0.210512,-0.21648,-0.21251200000000003,-0.21663999999999997,-0.21777599999999997,-0.21457599999999996,-0.21108800000000003,-0.21303999999999998,-0.21504,-0.21056,-0.21056,-0.21182399999999993,-0.21216000000000004,-0.21064000000000005
0.21962645179483306,-0.22086400000000006,-0.214864,-0.22219199999999997,-0.222352,-0.22008,-0.22382400000000005,-0.22048000000000006,-0.22747200000000006,-0.22089600000000004,-0.22168000000000002,-0.22175999999999998,-0.22222399999999998,-0.22719999999999999,-0.22572799999999993,-0.22390400000000002,-0.22185599999999997,-0.223968,-0.227536,-0.22761599999999993,-0.2248,-0.22385600000000003,-0.22115199999999993,-0.21835199999999996,-0.221216,-0.22017599999999998,-0.216192,-0.21798399999999998,-0.22443200000000002,-0.21804800000000005,-0.22632000000000002,-0.21921599999999997,-0.216784,-0.219456,-0.22468800000000003,-0.21831999999999996,-0.21598399999999998,-0.21963199999999997,-0.22163200000000002,-0.21792,-0.22399999999999995,-0.21251200000000003,-0.21505600000000002,-0.22012800000000002,-0.22015999999999994,-0.216704,-0.21471999999999994,-0.22088000000000002,-0.21816000000000002,-0.217936
0.22637390492987747,-0.23452799999999996,-0.22643199999999997,-0.22454400000000002,-0.226896,-0.22350399999999998,-0.22388800000000003,-0.23108800000000002,-0.22878400000000002,-0.231328,-0.23246399999999998,-0.23012799999999994,-0.2324,-0.23344000000000004,-0.23225600000000005,-0.23356800000000003,-0.227872,-0.225808,-0.23331200000000002,-0.22695999999999997,-0.22387200000000004,-0.22595199999999996,-0.23243199999999997,-0.22824000000000003,-0.22624000000000002,-0.22904000000000002,-0.22563199999999997,-0.22251200000000004,-0.22872,-0.22606399999999996,-0.230672,-0.22519999999999998,-0.22455999999999998,-0.225648,-0.228512,-0.22745600000000002,-0.22361600000000006,-0.23201600000000003,-0.22835199999999997,-0.23089600000000002,-0.22457600000000003,-0.228432,-0.22750399999999998,-0.224464,-0.22747200000000004,-0.2312160000000001,-0.22654399999999997,-0.22561599999999998,-0.22780799999999998,-0.22422400000000006
0.23332865606312547,-0.24164799999999997,-0.23528,-0.23803199999999994,-0.23217599999999994,-0.23990399999999998,-0.23948800000000003,-0.23318399999999997,-0.238352,-0.23913600000000002,-0.23919999999999997,-0.235776,-0.234096,-0.242128,-0.24308799999999997,-0.24347199999999994,-0.23572800000000002,-0.23334400000000002,-0.23640000000000005,-0.22767999999999997,-0.237472,-0.23782399999999998,-0.239552,-0.23374399999999995,-0.231888,-0.23286400000000004,-0.23352,-0.229904,-0.23801599999999998,-0.23414400000000005,-0.23435199999999998,-0.23806400000000003,-0.23656000000000002,-0.23372800000000002,-0.235056,-0.235824,-0.236464,-0.22656000000000007,-0.235264,-0.23667199999999997,-0.23526399999999995,-0.23611200000000007,-0.23464,-0.23288,-0.23550400000000005,-0.23518399999999995,-0.22777600000000003,-0.227312,-0.23617599999999989,-0.23273600000000003
0.24049707388794903,-0.24644800000000003,-0.23918399999999998,-0.243104,-0.24764799999999998,-0.24728000000000003,-0.242176,-0.238992,-0.251664,-0.24888000000000005,-0.24820799999999998,-0.247648,-0.24288,-0.2513600000000001,-0.24883199999999991,-0.247392,-0.24142400000000003,-0.24244799999999997,-0.24636799999999995,-0.240384,-0.24307199999999995,-0.245984,-0.245792,-0.24099199999999996,-0.24809599999999998,-0.24903999999999996,-0.24278400000000006,-0.23942399999999997,-0.24441600000000005,-0.245936,-0.24091200000000002,-0.241536,-0.247392,-0.24153599999999997,-0.24828799999999998,-0.23928000000000002,-0.24107200000000004,-0.24046399999999998,-0.24487999999999996,-0.24199999999999997,-0.245248,-0.24451199999999995,-0.24115199999999998,-0.24368000000000006,-0.24158400000000005,-0.24563200000000002,-0.23728,-0.236176,-0.24206399999999997,-0.23799999999999996
0.24788572275930695,-0.2553599999999999,-0.25606399999999996,-0.2524,-0.25254400000000005,-0.2571359999999999,-0.24971200000000005,-0.247824,-0.25264,-0.258784,-0.25124799999999997,-0.25393599999999994,-0.24836799999999998,-0.253264,-0.25487999999999994,-0.24699200000000002,-0.24940799999999994,-0.25079999999999997,-0.25457599999999997,-0.25132800000000005,-0.249392,-0.25465599999999994,-0.247648,-0.251568,-0.24552000000000007,-0.25819200000000003,-0.248896,-0.24966399999999997,-0.25268799999999997,-0.25177600000000006,-0.24558399999999994,-0.24752000000000002,-0.25049599999999994,-0.248624,-0.24931199999999998,-0.25206399999999995,-0.24958399999999997,-0.2485759999999999,-0.25011199999999995,-0.24961600000000003,-0.250256,-0.24825599999999998,-0.24654399999999999,-0.24753599999999998,-0.24166399999999996,-0.247264,-0.246496,-0.24902400000000002,-0.24875199999999992,-0.24495999999999998
0.2555013687049397,-0.261056,-0.258144,-0.25897600000000004,-0.261408,-0.26566399999999996,-0.25688,-0.263424,-0.26180800000000004,-0.25582399999999994,-0.26064,-0.256176,-0.25716800000000006,-0.260752,-0.25924800000000003,-0.26201599999999997,-0.26264,-0.260048,-0.261568,-0.257152,-0.25664000000000003,-0.25915199999999994,-0.25825599999999993,-0.26468800000000003,-0.258624,-0.2608,-0.25799999999999995,-0.26198400000000005,-0.254512,-0.254976,-0.262288,-0.25227200000000005,-0.259872,-0.25383999999999995,-0.262064,-0.25950399999999996,-0.261488,-0.25843199999999994,-0.258272,-0.25511999999999996,-0.259536,-0.257904,-0.255328,-0.255552,-0.25528,-0.2568640000000001,-0.24932799999999997,-0.25216000000000005,-0.256992,-0.25353600000000004
0.26335098562124254,-0.26278399999999996,-0.27296,-0.26998400000000006,-0.274144,-0.26515200000000005,-0.26884800000000003,-0.265904,-0.271136,-0.26956800000000003,-0.270912,-0.27281599999999995,-0.269536,-0.26881599999999994,-0.26936,-0.26788800000000007,-0.26991999999999994,-0.272432,-0.27030400000000004,-0.26630400000000004,-0.26753599999999994,-0.266352,-0.27008,-0.26849600000000007,-0.26336000000000004,-0.269312,-0.268976,-0.262784,-0.26880000000000004,-0.26177600000000006,-0.26512,-0.263312,-0.26716800000000007,-0.26505599999999996,-0.267728,-0.267888,-0.267248,-0.26496000000000003,-0.26875200000000005,-0.26556799999999997,-0.26420799999999994,-0.26176000000000005,-0.26540800000000003,-0.26601600000000003,-0.264688,-0.26448,-0.261008,-0.26060799999999995,-0.264656,-0.26249600000000006
0.27144176165949063,-0.275328,-0.27723200000000003,-0.27636799999999995,-0.27955199999999997,-0.282688,-0.27672,-0.27683199999999997,-0.276336,-0.28096,-0.280848,-0.27704,-0.276224,-0.27968,-0.282064,-0.279088,-0.28651200000000004,-0.275264,-0.277104,-0.27527999999999997,-0.27771199999999996,-0.279344,-0.27585600000000005,-0.28384,-0.278944,-0.276544,-0.274416,-0.27500800000000003,-0.272224,-0.26992,-0.27728,-0.273376,-0.28198399999999996,-0.2699519999999999,-0.279936,-0.275968,-0.27603199999999994,-0.27576,-0.275344,-0.27675200000000005,-0.27680000000000005,-0.2707360000000001,-0.2713440000000001,-0.271856,-0.271904,-0.267904,-0.26899199999999995,-0.267168,-0.274128,-0.267088
0.279781105808265,-0.2856,-0.28740799999999994,-0.286112,-0.29211200000000004,-0.29489600000000005,-0.291296,-0.291136,-0.288304,-0.287344,-0.291056,-0.286576,-0.28987199999999996,-0.28521599999999997,-0.28785599999999995,-0.285072,-0.2822880000000001,-0.28163200000000005,-0.280736,-0.283856,-0.28825599999999996,-0.282176,-0.28779199999999994,-0.2851519999999999,-0.287024,-0.28152,-0.2889280000000001,-0.28592,-0.285376,-0.28118399999999993,-0.278752,-0.28499199999999997,-0.28252799999999995,-0.282592,-0.28374400000000005,-0.28406400000000004,-0.27753599999999995,-0.28048,-0.28140799999999994,-0.28190400000000004,-0.2828,-0.281392,-0.27872,-0.285616,-0.28187200000000007,-0.280864,-0.27680000000000005,-0.27206400000000003,-0.28003199999999995,-0.27916799999999997
0.2883766546781056,-0.300048,-0.29872000000000004,-0.296928,-0.291136,-0.3011999999999999,-0.29572800000000005,-0.2991999999999999,-0.2974399999999999,-0.30115200000000003,-0.294208,-0.295216,-0.300224,-0.29137599999999997,-0.29249600000000003,-0.293744,-0.293456,-0.29203199999999996,-0.29256,-0.290416,-0.2965440000000001,-0.2877760000000001,-0.29392,-0.29352000000000006,-0.291712,-0.295328,-0.29638400000000004,-0.29241599999999995,-0.29526399999999997,-0.289568,-0.28820799999999996,-0.29158400000000007,-0.29233600000000004,-0.291216,-0.291008,-0.291184,-0.28662400000000005,-0.29043199999999997,-0.291616,-0.292208,-0.29001600000000005,-0.29091199999999995,-0.29009599999999997,-0.291056,-0.290992,-0.285296,-0.282352,-0.2826079999999999,-0.28544,-0.28820799999999996
0.2972362794946058,-0.3104799999999999,-0.30279999999999996,-0.30758399999999997,-0.303024,-0.29992,-0.306416,-0.30822399999999994,-0.3038240000000001,-0.30764800000000003,-0.30859200000000003,-0.304272,-0.3124799999999999,-0.3059039999999999,-0.30102400000000007,-0.30928000000000005,-0.303424,-0.30118400000000006,-0.30128,-0.30340799999999996,-0.304944,-0.30169599999999996,-0.30289599999999994,-0.307328,-0.299024,-0.301536,-0.297056,-0.29766400000000004,-0.30041600000000007,-0.300944,-0.29732800000000004,-0.303024,-0.302528,-0.29744,-0.29721600000000004,-0.29937599999999986,-0.295888,-0.298288,-0.298048,-0.29795199999999994,-0.29935999999999996,-0.29904000000000003,-0.299648,-0.29939199999999994,-0.299792,-0.29760000000000003,-0.29159999999999997,-0.291088,-0.29267199999999993,-0.29627200000000004
0.3063680933063518,-0.31846399999999997,-0.31516800000000006,-0.31444800000000006,-0.318704,-0.315904,-0.31662399999999996,-0.32024,-0.312464,-0.31137600000000004,-0.31243199999999993,-0.31937600000000005,-0.31712000000000007,-0.31454400000000005,-0.31390399999999996,-0.31116799999999994,-0.31193600000000005,-0.311488,-0.31289600000000006,-0.3104,-0.312576,-0.31403200000000003,-0.310176,-0.31814400000000004,-0.311504,-0.31326400000000004,-0.3136,-0.30992000000000003,-0.30924799999999997,-0.310576,-0.311504,-0.31164800000000004,-0.308112,-0.31028800000000006,-0.3048,-0.30931199999999986,-0.308944,-0.307824,-0.30796799999999996,-0.306224,-0.30908800000000003,-0.307632,-0.307184,-0.3097280000000001,-0.31148799999999993,-0.304176,-0.29977600000000004,-0.302752,-0.30616,-0.305776
0.31578045841430613,-0.32723199999999997,-0.33225600000000005,-0.328128,-0.32377599999999995,-0.32568,-0.325232,-0.328128,-0.327312,-0.32711999999999997,-0.328592,-0.3271359999999999,-0.32032000000000005,-0.32048000000000004,-0.327712,-0.32336,-0.32524800000000004,-0.32435200000000003,-0.31923199999999996,-0.32108800000000004,-0.32172799999999996,-0.32199999999999995,-0.32382399999999995,-0.325504,-0.31988799999999995,-0.32012799999999997,-0.32116799999999995,-0.32217599999999996,-0.31848000000000004,-0.32374400000000003,-0.320528,-0.31907199999999997,-0.316736,-0.320368,-0.315232,-0.31787199999999993,-0.318864,-0.3142400000000001,-0.314,-0.315504,-0.31607999999999997,-0.314208,-0.312336,-0.31736000000000003,-0.320544,-0.3127519999999999,-0.308288,-0.31004799999999993,-0.31120000000000003,-0.311824
0.32548199402944145,-0.33424,-0.336128,-0.3411040000000001,-0.34216000000000013,-0.34151999999999993,-0.3426559999999999,-0.33625600000000005,-0.335456,-0.336768,-0.33510399999999996,-0.33598400000000006,-0.3329600000000001,-0.331376,-0.3337760000000001,-0.334928,-0.33638399999999996,-0.332656,-0.330256,-0.333344,-0.33343999999999996,-0.327968,-0.33296,-0.32576000000000005,-0.33455999999999997,-0.3248480000000001,-0.3325280000000001,-0.333888,-0.3320160000000001,-0.3332,-0.329088,-0.327168,-0.32583999999999996,-0.33358400000000005,-0.32563200000000003,-0.329184,-0.3290239999999999,-0.32126400000000005,-0.327936,-0.32763200000000003,-0.32367999999999997,-0.321376,-0.324144,-0.32128,-0.327776,-0.320432,-0.31502399999999997,-0.32011199999999995,-0.31761599999999995,-0.319472
0.3354815841656335,-0.3443359999999999,-0.35251200000000005,-0.35184,-0.350672,-0.347056,-0.35196800000000006,-0.35224000000000005,-0.3412800000000001,-0.345968,-0.35048,-0.34571199999999996,-0.342832,-0.33891200000000005,-0.34579199999999993,-0.3413439999999999,-0.3404,-0.34334400000000004,-0.344896,-0.341584,-0.347296,-0.340064,-0.34536,-0.33287999999999995,-0.34256,-0.33904,-0.34238399999999997,-0.34153600000000006,-0.33918399999999993,-0.33974399999999993,-0.341248,-0.34678400000000004,-0.338576,-0.34156800000000004,-0.334704,-0.33406399999999997,-0.340368,-0.33028799999999997,-0.33599999999999997,-0.332768,-0.331648,-0.335184,-0.32671999999999995,-0.332384,-0.33592000000000005,-0.329024,-0.32558400000000004,-0.32937600000000006,-0.32361599999999996,-0.324752
0.34578838577504384,-0.35711999999999994,-0.3584800000000001,-0.36024,-0.36056,-0.3539360000000001,-0.36256,-0.36075199999999996,-0.35627200000000003,-0.36062399999999994,-0.361008,-0.355424,-0.35699200000000003,-0.354672,-0.363504,-0.357744,-0.3553759999999999,-0.350736,-0.3522240000000001,-0.3512160000000001,-0.35636799999999996,-0.350496,-0.3491360000000001,-0.3490559999999999,-0.355808,-0.347152,-0.3547199999999999,-0.350592,-0.347344,-0.3513119999999999,-0.349776,-0.35304,-0.35086399999999995,-0.34940799999999994,-0.342832,-0.34742399999999996,-0.35305600000000004,-0.3405119999999999,-0.344976,-0.34476799999999996,-0.3412160000000001,-0.346464,-0.3361279999999999,-0.341216,-0.34759999999999996,-0.34059199999999995,-0.331312,-0.33508799999999994,-0.332096,-0.33340800000000004
0.356411837133441,-0.37400000000000005,-0.373072,-0.38175999999999993,-0.369024,-0.374624,-0.37019199999999997,-0.3720800000000001,-0.36923200000000006,-0.37715199999999993,-0.3678879999999999,-0.36497599999999997,-0.3703840000000001,-0.37049599999999994,-0.37516800000000006,-0.368224,-0.364864,-0.37079999999999996,-0.369696,-0.35964799999999997,-0.36486399999999997,-0.36875199999999997,-0.36071999999999993,-0.359712,-0.36391999999999997,-0.36099200000000004,-0.3625439999999999,-0.36068799999999995,-0.3542720000000001,-0.36107200000000006,-0.361376,-0.359792,-0.36116800000000004,-0.358256,-0.35590399999999994,-0.356992,-0.3608799999999999,-0.35260800000000003,-0.357008,-0.3513759999999999,-0.35052799999999995,-0.349248,-0.34473599999999993,-0.350832,-0.35351999999999995,-0.346784,-0.3441120000000001,-0.34225600000000006,-0.3417920000000001,-0.34427199999999997
0.3673616664831384,-0.38528,-0.38556799999999997,-0.386016,-0.3845759999999999,-0.385664,-0.38662399999999997,-0.38169599999999987,-0.3775359999999999,-0.37964800000000004,-0.384608,-0.3824480000000001,-0.3823359999999999,-0.386224,-0.38419199999999987,-0.38217600000000007,-0.37793600000000005,-0.377472,-0.38059200000000004,-0.37640000000000007,-0.374576,-0.38150399999999995,-0.375584,-0.371504,-0.3772160000000001,-0.374208,-0.3658240000000001,-0.37140800000000007,-0.36892800000000003,-0.37355199999999994,-0.37803200000000003,-0.36967999999999995,-0.3727680000000001,-0.36990399999999996,-0.364272,-0.36622400000000005,-0.36744,-0.3631680000000001,-0.36764800000000003,-0.36243200000000003,-0.3618079999999999,-0.35692799999999997,-0.3564960000000001,-0.3581439999999999,-0.364768,-0.359968,-0.35452799999999995,-0.34979200000000005,-0.3496,-0.3511840000000001
0.37864790094146467,-0.39961599999999997,-0.393424,-0.395776,-0.39504,-0.40431999999999996,-0.3977279999999999,-0.39635200000000004,-0.39620799999999995,-0.3958879999999999,-0.39364799999999994,-0.393664,-0.395696,-0.40017600000000003,-0.391712,-0.39268800000000004,-0.3872480000000001,-0.39169600000000004,-0.38966400000000007,-0.38939200000000007,-0.385568,-0.391296,-0.3854239999999999,-0.386368,-0.3844159999999999,-0.38215999999999994,-0.38523199999999996,-0.384976,-0.378992,-0.386032,-0.3839039999999999,-0.3826079999999999,-0.38108800000000004,-0.37758400000000003,-0.374448,-0.37720000000000015,-0.3761279999999999,-0.37444799999999995,-0.374768,-0.371824,-0.3722560000000001,-0.36510400000000004,-0.36696000000000006,-0.36395199999999994,-0.37088,-0.36564800000000003,-0.36068799999999995,-0.3596640000000001,-0.36078399999999994,-0.361552
0.39028087568292336,-0.4159840000000001,-0.41260800000000003,-0.41696,-0.41612799999999994,-0.41083200000000003,-0.41147200000000006,-0.41193599999999997,-0.40875200000000006,-0.4115039999999999,-0.4080479999999999,-0.4057119999999999,-0.40665599999999996,-0.40864000000000017,-0.4070879999999999,-0.4056480000000001,-0.4028800000000001,-0.39891199999999993,-0.40168,-0.40312000000000014,-0.393504,-0.402,-0.4003519999999999,-0.397568,-0.39852799999999994,-0.399152,-0.39468799999999993,-0.39715199999999995,-0.3948479999999999,-0.39326400000000006,-0.3936,-0.391296,-0.39166399999999996,-0.38516799999999995,-0.38467200000000007,-0.387424,-0.38264000000000004,-0.385632,-0.38345599999999996,-0.38001599999999996,-0.379392,-0.37782400000000005,-0.3752,-0.37142400000000003,-0.378544,-0.37465599999999993,-0.37081600000000003,-0.368096,-0.36755200000000005,-0.366432
0.4022712434034502,-0.4276,-0.424864,-0.42347200000000007,-0.424432,-0.42953600000000003,-0.426064,-0.42262400000000006,-0.421968,-0.4257759999999999,-0.42292799999999997,-0.42272,-0.41329599999999994,-0.4166079999999999,-0.4197759999999999,-0.41249600000000003,-0.41595200000000004,-0.41462399999999994,-0.42158399999999996,-0.41377600000000014,-0.407856,-0.41406399999999993,-0.41291199999999995,-0.41422400000000004,-0.414208,-0.410336,-0.40199999999999997,-0.40598399999999996,-0.407536,-0.40347200000000005,-0.4047039999999999,-0.40684799999999993,-0.40112000000000003,-0.39670400000000006,-0.39896,-0.40056,-0.392992,-0.39672,-0.39032000000000006,-0.3928959999999999,-0.385472,-0.38580800000000004,-0.38321600000000006,-0.38161600000000007,-0.3828959999999999,-0.384096,-0.381216,-0.3770880000000001,-0.3744799999999999,-0.37376000000000004
0.4146299840754364,-0.43577600000000005,-0.43627199999999994,-0.441536,-0.44193599999999994,-0.44625600000000004,-0.4387520000000001,-0.4349919999999999,-0.44046399999999997,-0.43648000000000003,-0.4367040000000001,-0.43512000000000006,-0.43558399999999997,-0.43126400000000004,-0.43630399999999997,-0.431632,-0.42992,-0.42888000000000004,-0.42608,-0.426896,-0.42012800000000006,-0.42356800000000006,-0.42166400000000004,-0.4223519999999999,-0.4238880000000001,-0.4246559999999999,-0.4165919999999999,-0.41905599999999993,-0.41735999999999995,-0.4162559999999999,-0.413168,-0.411152,-0.41185599999999994,-0.410128,-0.40872000000000014,-0.41206400000000004,-0.4005759999999999,-0.40409599999999996,-0.39903999999999995,-0.4030400000000002,-0.396736,-0.39544,-0.39224,-0.389632,-0.3931199999999999,-0.391392,-0.3899999999999999,-0.38739199999999996,-0.381296,-0.38303999999999994
0.4273684150024485,-0.44784,-0.455488,-0.460704,-0.45209599999999994,-0.4609440000000001,-0.45297600000000005,-0.45599999999999996,-0.45156799999999997,-0.452688,-0.44967999999999997,-0.45308799999999994,-0.4501280000000001,-0.4476160000000002,-0.44652800000000004,-0.4445760000000001,-0.438048,-0.4376479999999999,-0.44564799999999993,-0.438112,-0.43507199999999996,-0.4396159999999999,-0.43323200000000006,-0.43601600000000007,-0.4393599999999999,-0.434448,-0.43056,-0.4298559999999999,-0.4276159999999999,-0.428096,-0.4221599999999999,-0.42382400000000003,-0.4222399999999999,-0.42208,-0.41967999999999994,-0.42063999999999985,-0.41073599999999993,-0.416144,-0.40764800000000007,-0.409264,-0.405024,-0.404032,-0.4023840000000001,-0.398,-0.39927999999999997,-0.39879999999999993,-0.396336,-0.397136,-0.38776000000000005,-0.39145600000000014
0.44049820118285365,-0.47294399999999986,-0.47015999999999997,-0.4738880000000001,-0.472192,-0.47288,-0.4748959999999999,-0.465936,-0.47015999999999997,-0.469392,-0.465248,-0.46671999999999997,-0.47110399999999997,-0.46271999999999996,-0.46033599999999986,-0.460992,-0.45841600000000005,-0.45648000000000005,-0.460656,-0.4550240000000001,-0.4472320000000001,-0.451296,-0.4488480000000001,-0.448112,-0.45041600000000004,-0.4443200000000001,-0.44561600000000007,-0.4430399999999999,-0.43662400000000007,-0.440368,-0.43472,-0.4362720000000001,-0.433952,-0.433248,-0.42971200000000004,-0.43137600000000004,-0.4214879999999999,-0.423552,-0.4204800000000001,-0.4171040000000001,-0.41403199999999996,-0.413024,-0.4129440000000001,-0.4099520000000001,-0.40631999999999996,-0.40835199999999994,-0.40551999999999994,-0.407104,-0.39550399999999997,-0.39812800000000004
0.45403136599184135,-0.4854239999999999,-0.49219199999999996,-0.49761599999999995,-0.490928,-0.4894079999999999,-0.492496,-0.491888,-0.48795199999999994,-0.483648,-0.4818719999999999,-0.4778560000000001,-0.48256,-0.47337599999999996,-0.47089600000000004,-0.47452799999999995,-0.47195199999999987,-0.471344,-0.472192,-0.46771200000000007,-0.4638400000000001,-0.464144,-0.4598400000000001,-0.4608640000000001,-0.45844799999999997,-0.455136,-0.45700800000000014,-0.45683200000000007,-0.44608000000000003,-0.45294399999999996,-0.44654400000000005,-0.4437280000000001,-0.44398400000000005,-0.4404,-0.44144000000000005,-0.4409920000000001,-0.43185599999999996,-0.43641599999999997,-0.43145600000000006,-0.4279200000000001,-0.42139200000000004,-0.42208,-0.41939200000000004,-0.414928,-0.41628800000000005,-0.4170880000000001,-0.41371199999999997,-0.41259200000000007,-0.40068800000000004,-0.40456000000000003
0.4679803021916212,-0.506128,-0.508912,-0.508688,-0.5069279999999999,-0.5065280000000001,-0.5065919999999999,-0.505968,-0.4998559999999999,-0.4958239999999999,-0.49759999999999993,-0.500448,-0.503008,-0.49088,-0.485568,-0.49020800000000003,-0.48644800000000005,-0.4853919999999999,-0.4843679999999999,-0.4858079999999999,-0.47795199999999993,-0.47347200000000006,-0.47964799999999996,-0.47321599999999997,-0.471344,-0.46971200000000013,-0.4723199999999999,-0.46574400000000005,-0.45972799999999997,-0.46500800000000014,-0.45729600000000004,-0.45694399999999996,-0.45345599999999997,-0.452096,-0.45083199999999995,-0.452496,-0.44172799999999995,-0.447072,-0.43860800000000005,-0.43768,-0.431376,-0.4311999999999999,-0.427136,-0.422016,-0.4223199999999999,-0.4229119999999999,-0.417632,-0.419792,-0.40721599999999986,-0.411936
0.4823577832798813,-0.525296,-0.5291360000000002,-0.5222720000000001,-0.5221760000000001,-0.5289919999999999,-0.518688,-0.5233760000000001,-0.5176639999999998,-0.5134240000000001,-0.5146399999999999,-0.515712,-0.5153920000000001,-0.506016,-0.5040479999999999,-0.5103519999999999,-0.499392,-0.498624,-0.49945600000000007,-0.49966400000000005,-0.49214399999999997,-0.48961600000000005,-0.4890719999999999,-0.487824,-0.481024,-0.479984,-0.48156800000000005,-0.47660800000000014,-0.47219199999999995,-0.476976,-0.468688,-0.468048,-0.46028800000000003,-0.460976,-0.4588320000000001,-0.462256,-0.45076800000000006,-0.45340800000000003,-0.44897600000000004,-0.443744,-0.4401279999999999,-0.439296,-0.43516799999999994,-0.43046399999999996,-0.431632,-0.42931199999999997,-0.42555200000000004,-0.42518400000000006,-0.4143999999999999,-0.418384
0.4971769751868986,-0.5401599999999999,-0.547024,-0.541632,-0.5407839999999999,-0.544928,-0.538752,-0.5430720000000001,-0.5309599999999999,-0.53064,-0.530096,-0.5307360000000001,-0.5320640000000002,-0.527184,-0.517872,-0.5259999999999999,-0.517472,-0.510192,-0.517376,-0.512768,-0.510576,-0.505744,-0.4976480000000001,-0.4989759999999999,-0.493392,-0.488864,-0.49232,-0.489584,-0.4838239999999998,-0.48729599999999995,-0.47745599999999994,-0.479728,-0.46976,-0.4698559999999999,-0.4706080000000001,-0.470288,-0.461504,-0.4603520000000001,-0.456768,-0.4527199999999999,-0.44948800000000005,-0.449312,-0.4431039999999999,-0.43856,-0.44000000000000006,-0.43460800000000005,-0.4325279999999999,-0.43059200000000003,-0.42185600000000006,-0.423392
0.512451448332012,-0.563872,-0.572432,-0.5688960000000001,-0.5642719999999999,-0.562464,-0.555744,-0.55544,-0.5582720000000001,-0.5545120000000001,-0.549968,-0.5443200000000001,-0.5516159999999999,-0.5388479999999999,-0.533232,-0.540656,-0.5324159999999999,-0.525008,-0.5308480000000001,-0.527664,-0.5261440000000001,-0.5195679999999999,-0.5129760000000001,-0.515152,-0.50792,-0.4998719999999999,-0.502752,-0.501936,-0.4922720000000001,-0.49742400000000003,-0.49075199999999986,-0.48900799999999994,-0.47891200000000006,-0.48233600000000004,-0.48158400000000007,-0.477376,-0.4687840000000001,-0.4706720000000001,-0.4658719999999999,-0.46353600000000006,-0.4566720000000001,-0.45422399999999996,-0.45081599999999994,-0.4438880000000001,-0.447616,-0.44099199999999994,-0.437712,-0.43744000000000016,-0.43007999999999996,-0.42940799999999996
0.5281951900505004,-0.582208,-0.58632,-0.591104,-0.5871839999999999,-0.581648,-0.574736,-0.57792,-0.571776,-0.5724,-0.566704,-0.5630559999999999,-0.5709919999999999,-0.560096,-0.555024,-0.5545440000000001,-0.548912,-0.543648,-0.5417920000000002,-0.540064,-0.5396480000000001,-0.530928,-0.5278240000000001,-0.5296799999999999,-0.521568,-0.5126559999999999,-0.514224,-0.512896,-0.503888,-0.5080640000000001,-0.5015999999999999,-0.49712,-0.48878399999999983,-0.4912480000000001,-0.49048,-0.48342399999999996,-0.47816000000000003,-0.479984,-0.47318400000000005,-0.469936,-0.466528,-0.46241599999999994,-0.45644799999999996,-0.451664,-0.4516159999999999,-0.44731199999999993,-0.4436639999999999,-0.4442559999999999,-0.435184,-0.4368479999999999
0.5444226174022427,-0.6056320000000001,-0.6040800000000001,-0.6033919999999999,-0.6064640000000003,-0.595664,-0.5978239999999999,-0.5988480000000002,-0.5867040000000001,-0.5919360000000001,-0.5846239999999999,-0.5802720000000001,-0.5892160000000001,-0.5725760000000001,-0.5734400000000001,-0.567392,-0.5663359999999998,-0.5586559999999998,-0.561392,-0.5527839999999999,-0.550768,-0.548976,-0.540352,-0.5410400000000001,-0.5361439999999998,-0.528928,-0.523568,-0.524336,-0.5163840000000001,-0.5158400000000001,-0.51184,-0.502528,-0.49662399999999995,-0.500064,-0.49769599999999997,-0.49348800000000004,-0.48606399999999994,-0.487568,-0.4832,-0.47844800000000004,-0.47240000000000004,-0.46841599999999994,-0.4656479999999999,-0.456336,-0.4568959999999999,-0.4520159999999999,-0.450768,-0.450064,-0.440768,-0.4409920000000001
0.5611485903738933,-0.61976,-0.6281599999999999,-0.627728,-0.6207360000000001,-0.618448,-0.62192,-0.618992,-0.609536,-0.6102400000000001,-0.605392,-0.5993280000000001,-0.6062080000000001,-0.590064,-0.587328,-0.5843520000000001,-0.5816479999999999,-0.579712,-0.573808,-0.5674399999999999,-0.5659199999999999,-0.562832,-0.55704,-0.5541280000000001,-0.5472160000000001,-0.5395999999999999,-0.5349119999999999,-0.534,-0.524768,-0.5260319999999999,-0.5206400000000001,-0.5158719999999999,-0.503728,-0.508448,-0.505968,-0.49979200000000007,-0.49492800000000003,-0.4929919999999999,-0.48910399999999987,-0.485568,-0.4776,-0.474352,-0.47377600000000003,-0.46331200000000017,-0.463936,-0.45576,-0.45465599999999995,-0.455232,-0.445408,-0.44846399999999986
0.5783884254866559,-0.6448,-0.649824,-0.652896,-0.6477600000000001,-0.64056,-0.6434719999999998,-0.636368,-0.6293600000000003,-0.630496,-0.625856,-0.622,-0.6188960000000001,-0.6079680000000001,-0.607808,-0.5993120000000001,-0.6000960000000001,-0.5924159999999999,-0.5864639999999999,-0.577808,-0.576832,-0.574048,-0.5686239999999999,-0.564944,-0.559424,-0.5519679999999999,-0.5448319999999999,-0.5424640000000001,-0.5328960000000001,-0.53472,-0.531456,-0.524624,-0.513744,-0.516304,-0.512384,-0.5095200000000001,-0.5018879999999999,-0.5004959999999999,-0.495792,-0.49095999999999995,-0.48599999999999993,-0.48184000000000005,-0.47910399999999986,-0.470544,-0.468816,-0.46151999999999993,-0.45955200000000007,-0.46052800000000005,-0.45024000000000014,-0.4524640000000001
0.5961579098221268,-0.674704,-0.67368,-0.6794399999999999,-0.6697439999999998,-0.6643039999999998,-0.660064,-0.6546400000000001,-0.650512,-0.6495199999999999,-0.640368,-0.6377760000000001,-0.6347999999999999,-0.6272640000000002,-0.624464,-0.6174240000000002,-0.614032,-0.605696,-0.6016800000000001,-0.5957920000000001,-0.5890240000000001,-0.58368,-0.5825439999999998,-0.5753119999999999,-0.5695840000000001,-0.5612159999999999,-0.559472,-0.55104,-0.5451039999999999,-0.5436479999999999,-0.5392480000000002,-0.532544,-0.522992,-0.521552,-0.5187360000000001,-0.5152159999999999,-0.5065759999999999,-0.50648,-0.503296,-0.49526400000000004,-0.492224,-0.48532799999999987,-0.4849760000000001,-0.47731199999999996,-0.474544,-0.46590400000000004,-0.46507200000000004,-0.46430399999999994,-0.455056,-0.45785600000000004
0.6144733154790399,-0.7003519999999999,-0.700144,-0.7065440000000001,-0.6955840000000001,-0.689776,-0.6870880000000001,-0.6727839999999999,-0.6680480000000002,-0.6690559999999999,-0.661632,-0.6570240000000002,-0.648624,-0.6443199999999999,-0.6431999999999999,-0.631728,-0.6230880000000001,-0.6193919999999999,-0.6157440000000001,-0.607904,-0.603264,-0.5974720000000001,-0.593632,-0.5874079999999999,-0.578672,-0.57224,-0.566688,-0.5574239999999999,-0.5558239999999999,-0.5538559999999999,-0.54816,-0.539264,-0.5317439999999999,-0.530624,-0.525712,-0.522768,-0.5150399999999999,-0.5123519999999999,-0.5109919999999998,-0.5010720000000001,-0.496416,-0.49152,-0.48825599999999986,-0.481712,-0.48016,-0.469888,-0.46828800000000004,-0.46872,-0.45907200000000004,-0.462784
0.6333514144741615,-0.730672,-0.726912,-0.7315359999999999,-0.720496,-0.710432,-0.7066879999999999,-0.702144,-0.691824,-0.69024,-0.682928,-0.675072,-0.666912,-0.6617919999999999,-0.6556160000000001,-0.6472159999999999,-0.6370080000000001,-0.632,-0.6268640000000001,-0.619616,-0.614464,-0.6076640000000001,-0.604624,-0.598544,-0.5878559999999999,-0.582096,-0.5765119999999999,-0.5654720000000001,-0.5622400000000001,-0.5592159999999999,-0.5568960000000001,-0.54848,-0.5388160000000001,-0.537808,-0.531968,-0.52936,-0.5212800000000001,-0.5198560000000001,-0.5152,-0.505664,-0.5012159999999999,-0.49697600000000003,-0.49288000000000004,-0.488,-0.48391999999999996,-0.4751359999999999,-0.473504,-0.471488,-0.46432000000000007,-0.4660639999999999
0.6528094941009758,-0.754432,-0.758704,-0.761856,-0.7438400000000001,-0.7375040000000002,-0.731792,-0.718464,-0.7130719999999999,-0.712864,-0.701344,-0.692736,-0.6816160000000001,-0.67656,-0.674112,-0.6600159999999998,-0.6508960000000001,-0.645872,-0.6387519999999999,-0.6316959999999999,-0.6255520000000001,-0.6197119999999999,-0.6154400000000001,-0.60664,-0.5959679999999998,-0.591488,-0.585328,-0.5744160000000001,-0.57064,-0.5684960000000001,-0.5642720000000001,-0.554064,-0.5454720000000001,-0.5444479999999998,-0.537728,-0.5368960000000002,-0.5267680000000001,-0.5241440000000002,-0.520192,-0.510112,-0.5051680000000001,-0.500528,-0.497344,-0.490944,-0.4882239999999999,-0.47876799999999986,-0.47787200000000013,-0.47532800000000003,-0.4686560000000001,-0.46891200000000005
0.6728653727602238,-0.7859840000000001,-0.7823679999999998,-0.784016,-0.772352,-0.7614560000000001,-0.7558080000000001,-0.743792,-0.7370560000000004,-0.731744,-0.7236319999999999,-0.7083999999999999,-0.6974719999999999,-0.695968,-0.6918240000000001,-0.67456,-0.664352,-0.6600959999999999,-0.648064,-0.642064,-0.6378240000000001,-0.6283360000000001,-0.6231520000000002,-0.614848,-0.604464,-0.5990079999999999,-0.5932,-0.5836,-0.576768,-0.5743520000000001,-0.5720639999999999,-0.5607520000000001,-0.55192,-0.552624,-0.545264,-0.542336,-0.531632,-0.528464,-0.5250560000000001,-0.51536,-0.508688,-0.504896,-0.5007999999999999,-0.49398400000000003,-0.4918079999999999,-0.4818719999999999,-0.4823200000000001,-0.4791839999999999,-0.47184,-0.471616
0.6935374162767991,-0.8162720000000001,-0.8118239999999999,-0.813488,-0.795504,-0.7878559999999999,-0.7826079999999999,-0.7652799999999997,-0.7615999999999999,-0.755872,-0.7394559999999999,-0.7297440000000001,-0.7165120000000001,-0.7132,-0.7067520000000002,-0.6874400000000002,-0.6770400000000001,-0.6688639999999998,-0.6625759999999999,-0.6528,-0.6492639999999998,-0.6373599999999999,-0.6300479999999999,-0.623184,-0.6133279999999999,-0.6067679999999999,-0.600176,-0.5902879999999999,-0.586064,-0.5801280000000001,-0.5776959999999999,-0.566096,-0.5579200000000001,-0.5573600000000001,-0.55104,-0.545824,-0.535376,-0.5340800000000001,-0.5287999999999999,-0.519408,-0.513072,-0.5081279999999999,-0.504032,-0.497968,-0.49601600000000007,-0.4862560000000001,-0.4839360000000001,-0.48312000000000005,-0.47528,-0.47408
0.7148445547179326,-0.84872,-0.840448,-0.8432960000000002,-0.8267680000000002,-0.814624,-0.8079839999999998,-0.7863360000000001,-0.7813760000000001,-0.7709600000000001,-0.7589120000000001,-0.7449920000000002,-0.7300799999999998,-0.729216,-0.7229279999999999,-0.7022080000000003,-0.6914720000000001,-0.6814080000000001,-0.674752,-0.6642239999999999,-0.659328,-0.6466719999999999,-0.6392,-0.6318719999999999,-0.6215679999999998,-0.615136,-0.6073280000000001,-0.5981920000000001,-0.5930559999999999,-0.5859519999999998,-0.5835680000000001,-0.572352,-0.5633440000000001,-0.56344,-0.555744,-0.550208,-0.5419999999999999,-0.5381119999999999,-0.53256,-0.5233920000000001,-0.515648,-0.512352,-0.506832,-0.500544,-0.4988159999999999,-0.48934399999999995,-0.48672000000000004,-0.48505599999999993,-0.47886400000000007,-0.4759999999999999
0.7368062997280773,-0.8842880000000001,-0.8792960000000001,-0.874576,-0.8566719999999998,-0.8412959999999999,-0.83096,-0.810128,-0.8008160000000001,-0.7902880000000002,-0.774448,-0.7614559999999999,-0.748816,-0.743664,-0.733856,-0.716192,-0.7031680000000001,-0.6928320000000002,-0.6860800000000001,-0.67472,-0.6704320000000001,-0.6565439999999999,-0.64672,-0.638848,-0.6287839999999999,-0.6206880000000001,-0.613056,-0.6037120000000001,-0.5988320000000001,-0.5913120000000001,-0.5894560000000001,-0.5771199999999999,-0.569472,-0.5681120000000002,-0.5598240000000001,-0.5545919999999999,-0.546752,-0.5410720000000001,-0.5366239999999999,-0.527632,-0.520368,-0.5159999999999999,-0.510656,-0.503744,-0.5024799999999999,-0.49203199999999997,-0.4894079999999999,-0.4875519999999999,-0.48198399999999997,-0.478352
0.759442762396358,-0.9192480000000001,-0.910672,-0.9006399999999999,-0.8847040000000002,-0.8667680000000001,-0.8546719999999998,-0.833728,-0.822016,-0.8091359999999999,-0.7919359999999999,-0.7771360000000002,-0.763856,-0.7563200000000001,-0.7462240000000001,-0.728112,-0.7140960000000001,-0.7038879999999998,-0.698288,-0.683824,-0.6771200000000002,-0.666944,-0.6549280000000001,-0.646528,-0.6361920000000001,-0.6268319999999998,-0.6188960000000001,-0.6083680000000001,-0.60504,-0.596912,-0.5942079999999998,-0.5820479999999999,-0.5734239999999999,-0.5730399999999999,-0.5640639999999999,-0.5586240000000001,-0.549728,-0.5434559999999999,-0.5408799999999999,-0.53032,-0.5238239999999998,-0.5189279999999998,-0.513296,-0.5066080000000001,-0.5049760000000001,-0.49436800000000003,-0.49195199999999994,-0.4895040000000001,-0.4834079999999999,-0.4799040000000001
0.7827746716729557,-0.9512799999999999,-0.9449280000000002,-0.9355040000000001,-0.9134240000000001,-0.8922080000000001,-0.8836800000000001,-0.8594400000000002,-0.8404640000000001,-0.828528,-0.8077919999999998,-0.793504,-0.780112,-0.7698720000000001,-0.7607520000000001,-0.73872,-0.7260000000000001,-0.7129599999999999,-0.7062399999999998,-0.6911040000000002,-0.6852799999999999,-0.673728,-0.6618240000000002,-0.654592,-0.6423359999999999,-0.633776,-0.624144,-0.6146880000000001,-0.6094719999999999,-0.6032959999999999,-0.596592,-0.586,-0.5768800000000001,-0.575952,-0.566352,-0.5610400000000001,-0.5537279999999999,-0.5465120000000002,-0.5445119999999999,-0.5340959999999999,-0.527488,-0.5212,-0.5160959999999999,-0.5088320000000001,-0.5073439999999999,-0.496992,-0.493328,-0.49075199999999997,-0.48563199999999995,-0.48235200000000006
0.8068233933512855,-0.9913599999999998,-0.979776,-0.9625440000000001,-0.945072,-0.9187679999999999,-0.908304,-0.8810079999999999,-0.8598719999999999,-0.8469920000000001,-0.8236319999999998,-0.8071679999999998,-0.7935839999999998,-0.7836319999999999,-0.77408,-0.747648,-0.7378559999999997,-0.7231680000000001,-0.71528,-0.6998719999999998,-0.692656,-0.6805599999999999,-0.6679360000000001,-0.6607040000000001,-0.6480320000000002,-0.6386239999999999,-0.630304,-0.6193919999999999,-0.6137600000000001,-0.607312,-0.600352,-0.5895199999999998,-0.5812000000000002,-0.5793599999999999,-0.568736,-0.5653759999999999,-0.557312,-0.548592,-0.5465760000000001,-0.5372000000000001,-0.5307040000000001,-0.5244479999999999,-0.5180480000000002,-0.5109279999999999,-0.5100959999999999,-0.499072,-0.494928,-0.492656,-0.48705600000000004,-0.4836159999999999
0.8316109496333532,-1.0288480000000002,-1.0145920000000002,-0.9947999999999999,-0.9755359999999998,-0.943136,-0.9269919999999999,-0.8982879999999999,-0.878512,-0.864576,-0.839152,-0.8231199999999997,-0.8076960000000001,-0.794832,-0.7837119999999999,-0.7584639999999999,-0.7475839999999999,-0.7306239999999999,-0.7222240000000001,-0.7078720000000002,-0.6982559999999998,-0.6859999999999999,-0.6750560000000001,-0.6661760000000001,-0.6549759999999999,-0.64488,-0.6358400000000001,-0.6241440000000001,-0.6185600000000001,-0.6117919999999999,-0.604016,-0.5934400000000001,-0.5848479999999999,-0.5826080000000001,-0.571136,-0.5693119999999999,-0.5594240000000003,-0.55152,-0.5483359999999999,-0.53984,-0.5334239999999998,-0.525776,-0.5204640000000001,-0.512912,-0.5118079999999999,-0.5013280000000001,-0.4972319999999999,-0.494688,-0.48891199999999996,-0.4858079999999999
0.857160039296208,-1.0613439999999998,-1.051456,-1.023808,-1.003152,-0.971648,-0.9484480000000001,-0.9214719999999998,-0.898928,-0.8829440000000001,-0.8548799999999999,-0.8370239999999997,-0.822864,-0.8055039999999998,-0.7926559999999999,-0.7693119999999999,-0.7571039999999999,-0.739792,-0.728368,-0.7147519999999997,-0.703984,-0.6921440000000001,-0.6805920000000001,-0.6714239999999999,-0.6605439999999999,-0.6486559999999999,-0.638608,-0.6280320000000001,-0.6221119999999999,-0.6155359999999999,-0.6078399999999999,-0.5960000000000001,-0.586624,-0.585696,-0.575232,-0.5724319999999999,-0.5618719999999999,-0.554912,-0.550384,-0.5423359999999999,-0.53504,-0.5276319999999999,-0.522816,-0.51552,-0.5142559999999999,-0.5032159999999999,-0.4996959999999998,-0.4963839999999999,-0.49019199999999996,-0.487504
0.8834940584779543,-1.1045600000000002,-1.0863520000000002,-1.056752,-1.0318079999999998,-0.9979039999999999,-0.973328,-0.9402720000000002,-0.9168159999999997,-0.8976,-0.8689760000000001,-0.8523680000000001,-0.8339360000000002,-0.819584,-0.8035839999999997,-0.7790400000000001,-0.765088,-0.7482240000000001,-0.7356479999999999,-0.7212479999999999,-0.71016,-0.6997760000000001,-0.6861119999999999,-0.6765280000000001,-0.6653599999999998,-0.6534559999999999,-0.6426399999999998,-0.63256,-0.6265759999999999,-0.6192799999999999,-0.6111840000000001,-0.599392,-0.590288,-0.588784,-0.5788159999999999,-0.574816,-0.5648,-0.557696,-0.5533440000000001,-0.5445920000000001,-0.536848,-0.5292639999999998,-0.5248319999999999,-0.5172,-0.5161119999999999,-0.5052000000000001,-0.5012000000000001,-0.49788799999999994,-0.491792,-0.48830399999999996
0.9106371221023624,-1.1504639999999997,-1.125616,-1.093984,-1.061552,-1.023328,-0.996192,-0.9608800000000001,-0.9337920000000001,-0.9144960000000002,-0.8842719999999998,-0.8637920000000001,-0.844688,-0.829392,-0.8138560000000002,-0.7891359999999998,-0.772832,-0.755824,-0.742608,-0.7274720000000001,-0.716688,-0.705472,-0.69088,-0.6810080000000001,-0.670528,-0.657152,-0.6458400000000001,-0.63576,-0.6295679999999999,-0.621664,-0.614224,-0.60224,-0.5927840000000002,-0.590784,-0.5820320000000001,-0.577024,-0.5672320000000002,-0.559744,-0.5556,-0.546848,-0.5392800000000001,-0.53048,-0.526112,-0.5188320000000001,-0.518048,-0.5066240000000001,-0.50264,-0.49904000000000004,-0.492368,-0.48948799999999987
0.9386140859616947,-1.1927839999999998,-1.1621920000000001,-1.1224159999999999,-1.0882399999999999,-1.0470240000000002,-1.0179359999999997,-0.977792,-0.949712,-0.9297439999999999,-0.8972959999999999,-0.872992,-0.8562560000000002,-0.83776,-0.823408,-0.7981440000000001,-0.7800479999999999,-0.7637599999999999,-0.7495999999999999,-0.733872,-0.721808,-0.709808,-0.695888,-0.6845600000000001,-0.67472,-0.661328,-0.6497919999999999,-0.6389119999999999,-0.631024,-0.6249599999999998,-0.6167999999999998,-0.6045919999999999,-0.594784,-0.5932159999999999,-0.584112,-0.5795520000000001,-0.568896,-0.561776,-0.5571839999999999,-0.548912,-0.541392,-0.532,-0.528352,-0.520208,-0.519872,-0.50808,-0.5031840000000001,-0.5003519999999999,-0.49366400000000005,-0.4905279999999999
0.9674505694779667,-1.235264,-1.2039360000000001,-1.1501279999999998,-1.1126880000000001,-1.068976,-1.036432,-0.9954560000000002,-0.9665600000000001,-0.9418560000000002,-0.9090560000000001,-0.885008,-0.865568,-0.8462240000000001,-0.831472,-0.8063519999999998,-0.7861920000000001,-0.7704799999999998,-0.7545120000000002,-0.7390399999999999,-0.726192,-0.7155839999999999,-0.7012319999999999,-0.687296,-0.6785120000000002,-0.664752,-0.654048,-0.641952,-0.633872,-0.6279519999999998,-0.619152,-0.607744,-0.5974720000000001,-0.5950400000000002,-0.5863520000000001,-0.581456,-0.5715680000000001,-0.563408,-0.5580799999999999,-0.550704,-0.5426880000000002,-0.533312,-0.5295839999999999,-0.52136,-0.521408,-0.5092159999999999,-0.5044799999999999,-0.501792,-0.4949759999999999,-0.491504
0.9971729791634935,-1.27648,-1.2376639999999999,-1.1841279999999998,-1.137328,-1.0900800000000002,-1.0564479999999998,-1.0139520000000002,-0.9814879999999999,-0.953088,-0.921456,-0.8968319999999999,-0.8748960000000001,-0.8547519999999998,-0.8390240000000001,-0.813008,-0.7933760000000001,-0.7756479999999999,-0.7580960000000002,-0.7444319999999999,-0.7300319999999999,-0.719088,-0.7050719999999998,-0.690736,-0.6817759999999999,-0.668368,-0.65672,-0.644368,-0.636448,-0.6305280000000001,-0.621408,-0.6103679999999999,-0.600048,-0.5981280000000001,-0.588032,-0.583088,-0.573712,-0.5650080000000001,-0.560048,-0.552736,-0.544448,-0.5345119999999999,-0.530832,-0.522624,-0.5230239999999999,-0.51032,-0.5055200000000001,-0.5030560000000001,-0.4957759999999999,-0.49228800000000006
1.027808532802195,-1.31536,-1.2715359999999998,-1.213056,-1.161296,-1.1145919999999998,-1.073248,-1.0312960000000002,-0.997392,-0.965824,-0.9321599999999998,-0.9057120000000001,-0.882624,-0.861808,-0.8455839999999999,-0.8207519999999999,-0.7984,-0.781616,-0.7632959999999999,-0.7488159999999999,-0.7324959999999998,-0.7220480000000002,-0.7091200000000001,-0.6945279999999998,-0.686,-0.6717920000000001,-0.660096,-0.6468799999999999,-0.63896,-0.633232,-0.623344,-0.612048,-0.601664,-0.600144,-0.5904960000000001,-0.584448,-0.575616,-0.566208,-0.561216,-0.5537919999999997,-0.545728,-0.535408,-0.53192,-0.523952,-0.5243519999999998,-0.5115839999999999,-0.5063040000000001,-0.504,-0.4967040000000001,-0.49299199999999993
1.0593852843738136,-1.3544,-1.302672,-1.2439680000000002,-1.1831360000000002,-1.13368,-1.0888159999999998,-1.0454080000000003,-1.0100960000000003,-0.9779360000000001,-0.941248,-0.9159520000000002,-0.890624,-0.8687999999999998,-0.853024,-0.82624,-0.8038719999999999,-0.787136,-0.7678559999999999,-0.7524160000000001,-0.7359359999999998,-0.7264159999999998,-0.7125919999999999,-0.698672,-0.6888640000000001,-0.673904,-0.662992,-0.649456,-0.6409759999999999,-0.6359999999999999,-0.6252319999999999,-0.6141599999999999,-0.6035200000000001,-0.602336,-0.593008,-0.586096,-0.577232,-0.5675679999999999,-0.562704,-0.5550079999999998,-0.5467040000000001,-0.5363040000000001,-0.5331519999999998,-0.52528,-0.525472,-0.512016,-0.50688,-0.5045280000000001,-0.49766400000000005,-0.4933440000000001
1.091932149743863,-1.3924,-1.3342079999999998,-1.267408,-1.20512,-1.1525280000000002,-1.1042720000000001,-1.06048,-1.0218399999999999,-0.9896959999999999,-0.9510559999999999,-0.924592,-0.8986719999999999,-0.8740960000000002,-0.8587039999999999,-0.8315360000000002,-0.8092800000000001,-0.7921920000000001,-0.7709120000000002,-0.7566400000000002,-0.7395039999999998,-0.7305760000000003,-0.7144959999999999,-0.701616,-0.691408,-0.6769120000000001,-0.664912,-0.651648,-0.64208,-0.637936,-0.627216,-0.6157279999999999,-0.6056159999999999,-0.604144,-0.5940799999999999,-0.5871360000000001,-0.579056,-0.5687199999999999,-0.5644159999999999,-0.556176,-0.54744,-0.5376960000000001,-0.5344319999999999,-0.5257120000000003,-0.5269280000000002,-0.51288,-0.508016,-0.5055040000000001,-0.49833600000000006,-0.4939519999999999
1.1254789331428303,-1.427312,-1.365136,-1.2952960000000002,-1.227056,-1.171024,-1.119824,-1.0760000000000003,-1.03464,-0.9988640000000001,-0.960256,-0.9319200000000001,-0.9044160000000002,-0.8802560000000001,-0.863168,-0.8356480000000002,-0.8135039999999999,-0.796224,-0.775552,-0.760608,-0.74312,-0.733984,-0.7175039999999998,-0.704816,-0.6943520000000001,-0.6788000000000001,-0.6671839999999999,-0.6538399999999999,-0.643968,-0.6389920000000001,-0.6281760000000001,-0.6172159999999999,-0.6068640000000001,-0.605248,-0.595424,-0.58832,-0.580432,-0.569792,-0.5657760000000001,-0.5575199999999999,-0.5485920000000001,-0.538784,-0.535472,-0.5262080000000001,-0.527376,-0.5139679999999999,-0.508816,-0.506224,-0.499168,-0.494928
1.160056354458889,-1.46488,-1.3949280000000002,-1.3211840000000001,-1.2497759999999998,-1.184288,-1.1348,-1.0877600000000003,-1.04552,-1.007648,-0.96848,-0.9392639999999999,-0.9101760000000002,-0.8866399999999999,-0.868752,-0.8400479999999999,-0.8182239999999998,-0.800112,-0.778976,-0.7640159999999999,-0.74576,-0.7365919999999998,-0.7199359999999999,-0.7067040000000001,-0.696592,-0.680528,-0.6694880000000001,-0.655664,-0.6462080000000001,-0.640592,-0.62896,-0.6187840000000001,-0.6077759999999999,-0.6067680000000001,-0.596736,-0.5896159999999999,-0.5815840000000001,-0.570784,-0.567248,-0.558928,-0.5491040000000001,-0.5392480000000001,-0.53616,-0.527024,-0.5278079999999999,-0.5143519999999999,-0.5095200000000001,-0.5068639999999999,-0.4995360000000001,-0.4955040000000001
1.1956960773691052,-1.4978400000000003,-1.419792,-1.3426079999999998,-1.2690880000000002,-1.2019360000000001,-1.148224,-1.0995679999999999,-1.0554879999999998,-1.016624,-0.9766400000000002,-0.94592,-0.9153920000000001,-0.8919039999999998,-0.874144,-0.8432000000000002,-0.8223200000000002,-0.8031199999999998,-0.7826079999999997,-0.76728,-0.7490080000000002,-0.7390399999999998,-0.7229280000000001,-0.708272,-0.698928,-0.6825279999999999,-0.6713439999999999,-0.6569759999999999,-0.64768,-0.641952,-0.629856,-0.620272,-0.6088000000000001,-0.607312,-0.5977279999999999,-0.5907519999999999,-0.5823519999999999,-0.571744,-0.568176,-0.5600320000000001,-0.5499200000000001,-0.539632,-0.537008,-0.5274080000000001,-0.5285439999999999,-0.515184,-0.510144,-0.50712,-0.49982399999999994,-0.4959520000000001
1.2324307383349036,-1.5300639999999999,-1.4436159999999998,-1.3608000000000002,-1.2863199999999997,-1.216768,-1.160768,-1.1104479999999999,-1.063376,-1.02392,-0.9841600000000003,-0.9526240000000001,-0.9212,-0.8972960000000001,-0.878896,-0.8461759999999998,-0.8249759999999999,-0.806944,-0.785376,-0.771248,-0.7514400000000001,-0.741472,-0.7252,-0.7108960000000002,-0.700736,-0.683952,-0.673264,-0.6586559999999999,-0.6489919999999999,-0.643344,-0.631248,-0.6212639999999999,-0.6099679999999998,-0.6084959999999999,-0.5986880000000001,-0.5920320000000001,-0.5828639999999998,-0.57296,-0.5685760000000001,-0.5607679999999999,-0.550784,-0.540304,-0.538064,-0.527968,-0.528912,-0.5155839999999999,-0.5103679999999999,-0.5072479999999999,-0.500544,-0.4964
1.2702939764883445,-1.55448,-1.4663840000000006,-1.3807839999999998,-1.3022880000000001,-1.2302400000000002,-1.17016,-1.119472,-1.0726239999999998,-1.031312,-0.9904,-0.9581119999999997,-0.925616,-0.9017600000000001,-0.8828800000000001,-0.8492799999999998,-0.827984,-0.809392,-0.7880799999999999,-0.77376,-0.7532480000000001,-0.7433120000000001,-0.726896,-0.7131040000000002,-0.7021280000000002,-0.6858080000000001,-0.674352,-0.660112,-0.6500640000000001,-0.6443359999999998,-0.632336,-0.6224000000000001,-0.6109279999999998,-0.609408,-0.5991839999999999,-0.5926079999999999,-0.5835199999999999,-0.574048,-0.5695520000000001,-0.5615040000000001,-0.5513599999999999,-0.5405280000000001,-0.538816,-0.528608,-0.5295840000000002,-0.5160959999999999,-0.5111199999999999,-0.507664,-0.5009600000000001,-0.49656000000000006
1.309320464436578,-1.581536,-1.4867360000000003,-1.3982400000000004,-1.3178880000000002,-1.2428640000000002,-1.1808159999999999,-1.1283839999999998,-1.0797919999999999,-1.038304,-0.99664,-0.962688,-0.9309600000000002,-0.9060960000000001,-0.8856320000000002,-0.8527199999999998,-0.830688,-0.8120479999999998,-0.7913119999999999,-0.776208,-0.7545440000000001,-0.7454559999999998,-0.7282560000000001,-0.7153120000000002,-0.703376,-0.6871199999999998,-0.6753920000000001,-0.6615999999999999,-0.65144,-0.645632,-0.6328160000000002,-0.6231520000000002,-0.6117440000000001,-0.610432,-0.599984,-0.593264,-0.584624,-0.574384,-0.5702719999999999,-0.5619680000000001,-0.551968,-0.5413279999999999,-0.539232,-0.529104,-0.5298240000000001,-0.5167679999999999,-0.51168,-0.50808,-0.501472,-0.497088
1.3495459400126864,-1.6037919999999999,-1.5067840000000001,-1.414784,-1.3308800000000003,-1.2559999999999998,-1.19096,-1.1358080000000002,-1.0873920000000001,-1.04368,-1.001488,-0.9683999999999999,-0.9344800000000001,-0.91024,-0.8886399999999999,-0.8556,-0.833152,-0.8144480000000002,-0.7938239999999999,-0.7780000000000001,-0.7567360000000001,-0.7474719999999999,-0.729616,-0.71672,-0.7053280000000001,-0.688832,-0.676528,-0.662432,-0.6528,-0.646576,-0.6333920000000001,-0.623616,-0.612576,-0.6113919999999999,-0.6008160000000001,-0.5937920000000001,-0.584976,-0.5753439999999999,-0.5708,-0.5626080000000002,-0.55272,-0.541872,-0.539888,-0.529648,-0.530432,-0.5173760000000001,-0.5120640000000001,-0.5084000000000001,-0.5017120000000002,-0.4973759999999999
1.3910072390019879,-1.6239200000000003,-1.52472,-1.4287199999999998,-1.3442560000000001,-1.2665119999999996,-1.200432,-1.1443679999999998,-1.0937119999999998,-1.049216,-1.00664,-0.9725760000000002,-0.9380000000000002,-0.913888,-0.8914560000000001,-0.8578720000000001,-0.8360160000000001,-0.81688,-0.796272,-0.779888,-0.75824,-0.748864,-0.7315039999999999,-0.7180800000000002,-0.706784,-0.690416,-0.6779360000000001,-0.663664,-0.6540960000000001,-0.6477280000000001,-0.634448,-0.6244000000000001,-0.613424,-0.611968,-0.6017279999999999,-0.5943839999999999,-0.5858239999999999,-0.5759039999999999,-0.57144,-0.562944,-0.5532,-0.542752,-0.5404319999999998,-0.53024,-0.5306560000000001,-0.5178720000000001,-0.5123359999999999,-0.5085919999999999,-0.501904,-0.49755199999999994
1.4337423288737725,-1.643552,-1.542032,-1.4423519999999996,-1.3558240000000001,-1.2762560000000003,-1.208544,-1.1509120000000002,-1.1010720000000003,-1.054208,-1.0100959999999999,-0.9758399999999999,-0.9415199999999999,-0.9165760000000001,-0.8942560000000002,-0.8605599999999999,-0.8381440000000001,-0.8188160000000001,-0.7981759999999999,-0.7817439999999998,-0.7597279999999997,-0.750064,-0.733184,-0.7192159999999999,-0.7077279999999999,-0.6908960000000001,-0.679168,-0.664768,-0.654768,-0.648464,-0.635664,-0.6249599999999998,-0.6140959999999999,-0.6126720000000001,-0.60248,-0.5948159999999999,-0.586496,-0.5764159999999999,-0.572048,-0.5631520000000001,-0.5534399999999999,-0.543088,-0.5410560000000001,-0.530944,-0.531104,-0.5180000000000001,-0.512768,-0.5087999999999999,-0.5020000000000001,-0.49788799999999994
1.477790343549357,-1.662176,-1.558016,-1.4559680000000004,-1.366176,-1.284864,-1.2164640000000002,-1.1572160000000002,-1.105728,-1.0582559999999999,-1.013872,-0.979008,-0.9452000000000002,-0.9195360000000001,-0.8973280000000001,-0.8625920000000002,-0.8405280000000002,-0.821344,-0.7999040000000001,-0.7831839999999999,-0.76056,-0.750976,-0.73432,-0.720048,-0.708656,-0.692112,-0.6797920000000002,-0.6656479999999998,-0.6558399999999999,-0.649024,-0.6365119999999999,-0.6255040000000001,-0.6145599999999999,-0.6130880000000001,-0.602912,-0.595168,-0.5869440000000001,-0.576816,-0.572496,-0.563632,-0.5538080000000001,-0.543568,-0.541344,-0.531312,-0.5317439999999999,-0.5182720000000001,-0.512976,-0.509248,-0.5021760000000001,-0.498208
1.5231916192382944,-1.6763359999999998,-1.5724960000000001,-1.4687200000000002,-1.37512,-1.29376,-1.223184,-1.1631680000000002,-1.110864,-1.0619039999999997,-1.0176479999999999,-0.982064,-0.9476960000000001,-0.9215999999999999,-0.8997599999999999,-0.8654879999999998,-0.8429759999999998,-0.8227200000000002,-0.8012000000000001,-0.7852319999999999,-0.7616640000000001,-0.7517440000000001,-0.735584,-0.721024,-0.709744,-0.6933919999999999,-0.680256,-0.666176,-0.65664,-0.6498560000000001,-0.63712,-0.6263200000000001,-0.6151519999999999,-0.613904,-0.603472,-0.59568,-0.5876480000000001,-0.5772959999999999,-0.5727679999999999,-0.5641759999999999,-0.5541280000000002,-0.5439039999999999,-0.5416799999999999,-0.53136,-0.532144,-0.5185919999999999,-0.513456,-0.5093759999999999,-0.50232,-0.4983519999999999
1.5699877313755697,-1.6920159999999995,-1.5846079999999998,-1.4808800000000002,-1.383904,-1.300384,-1.2302560000000002,-1.1686720000000002,-1.1156,-1.066144,-1.0205759999999997,-0.9850400000000001,-0.9507039999999999,-0.9241760000000001,-0.901776,-0.867008,-0.844528,-0.8240159999999999,-0.8022399999999998,-0.78656,-0.762704,-0.7529920000000001,-0.7367679999999999,-0.721984,-0.7105279999999999,-0.694224,-0.6809760000000001,-0.667008,-0.6574080000000001,-0.6506399999999999,-0.6377120000000001,-0.626848,-0.6155039999999999,-0.6143519999999999,-0.6037759999999999,-0.595904,-0.58808,-0.5776,-0.573216,-0.5645759999999999,-0.554288,-0.5442240000000002,-0.5420639999999999,-0.531648,-0.532224,-0.5190239999999998,-0.51384,-0.509392,-0.5026079999999999,-0.49849599999999994
1.6182215326935787,-1.705968,-1.5970240000000004,-1.4899839999999995,-1.3926079999999998,-1.3079680000000002,-1.2356000000000003,-1.173248,-1.1190399999999998,-1.0695680000000003,-1.0236960000000002,-0.988048,-0.9526720000000001,-0.92624,-0.903248,-0.8687199999999998,-0.8462879999999997,-0.82544,-0.80376,-0.787536,-0.7637120000000001,-0.7538560000000001,-0.737888,-0.7227039999999998,-0.711216,-0.6945279999999999,-0.68176,-0.667312,-0.6583040000000001,-0.651104,-0.6382080000000001,-0.62728,-0.61584,-0.6146720000000001,-0.6041279999999999,-0.596368,-0.58848,-0.578016,-0.5736479999999999,-0.5649919999999998,-0.554624,-0.544448,-0.542144,-0.531856,-0.532416,-0.5192,-0.513936,-0.509728,-0.503024,-0.4987519999999999
1.6679371924637858,-1.717008,-1.607984,-1.4981920000000002,-1.4010559999999999,-1.3139519999999998,-1.2406400000000002,-1.17768,-1.1224480000000003,-1.07264,-1.0270560000000002,-0.9901760000000002,-0.954976,-0.9278400000000001,-0.9048480000000001,-0.8702239999999998,-0.8478079999999999,-0.826112,-0.804672,-0.7883040000000002,-0.7647360000000001,-0.7548159999999998,-0.7386079999999998,-0.723472,-0.7120160000000001,-0.6955840000000001,-0.682272,-0.6677120000000001,-0.6588480000000001,-0.651216,-0.638848,-0.6278239999999999,-0.616288,-0.6149439999999999,-0.6044799999999999,-0.596768,-0.5887359999999999,-0.578192,-0.573712,-0.5653760000000001,-0.555008,-0.5449599999999999,-0.542112,-0.5320800000000001,-0.53256,-0.51936,-0.514176,-0.510032,-0.5032,-0.49883199999999994
1.7191802369439666,-1.7284320000000002,-1.6172479999999998,-1.5059840000000002,-1.4074719999999998,-1.3200000000000003,-1.246336,-1.18176,-1.125792,-1.076064,-1.029648,-0.99232,-0.9570559999999999,-0.9297600000000001,-0.905824,-0.8718240000000002,-0.8488479999999998,-0.8273920000000001,-0.8054720000000001,-0.7891680000000001,-0.765472,-0.7558400000000001,-0.739376,-0.724304,-0.7126239999999998,-0.6963680000000001,-0.6826399999999999,-0.668144,-0.65928,-0.651872,-0.6391839999999999,-0.6282240000000001,-0.616448,-0.61536,-0.6048,-0.5972480000000001,-0.5890080000000001,-0.578624,-0.573792,-0.5654879999999999,-0.5552800000000001,-0.5452159999999999,-0.5425119999999999,-0.53208,-0.5327839999999999,-0.5195839999999999,-0.5143519999999999,-0.51032,-0.50328,-0.49905599999999994
1.771997591068097,-1.73816,-1.627232,-1.513248,-1.4136160000000002,-1.32464,-1.250352,-1.18552,-1.129328,-1.07872,-1.0314879999999997,-0.9944320000000002,-0.9591040000000001,-0.931216,-0.9067839999999999,-0.87296,-0.8498399999999999,-0.8279840000000002,-0.80632,-0.7898400000000001,-0.7665120000000001,-0.756688,-0.7398719999999999,-0.7253600000000001,-0.713408,-0.69688,-0.6831680000000001,-0.6686080000000001,-0.659712,-0.6521119999999999,-0.639568,-0.62864,-0.616768,-0.615616,-0.605248,-0.5973760000000001,-0.589184,-0.5788480000000001,-0.57392,-0.5656159999999999,-0.55536,-0.545328,-0.5426399999999999,-0.53216,-0.5329599999999999,-0.5196479999999999,-0.5143999999999999,-0.510416,-0.5033280000000001,-0.49916799999999995
1.8264376214170501,-1.7464,-1.636352,-1.5208479999999998,-1.42024,-1.3293599999999999,-1.25408,-1.1891520000000002,-1.132288,-1.0813599999999999,-1.0335679999999998,-0.995824,-0.9606080000000001,-0.932528,-0.9077439999999999,-0.8737599999999999,-0.8510079999999999,-0.82912,-0.806944,-0.7906880000000001,-0.7669440000000001,-0.7572960000000001,-0.740512,-0.7261439999999999,-0.7137280000000001,-0.697328,-0.6836639999999999,-0.6689760000000001,-0.6601279999999999,-0.652352,-0.639968,-0.6286400000000001,-0.617152,-0.615904,-0.6055999999999999,-0.597424,-0.589296,-0.5789280000000001,-0.574144,-0.5657119999999999,-0.5556319999999999,-0.545696,-0.542832,-0.532416,-0.5331199999999999,-0.519712,-0.5144959999999998,-0.510624,-0.503408,-0.4994239999999999
1.882550180509458,-1.7547519999999996,-1.643952,-1.5272799999999995,-1.4250239999999998,-1.3337439999999998,-1.25776,-1.192016,-1.134448,-1.083632,-1.035392,-0.9976640000000002,-0.962064,-0.9338559999999998,-0.9087520000000001,-0.8748800000000001,-0.8521120000000001,-0.8299679999999999,-0.807824,-0.7916000000000003,-0.7676639999999999,-0.7579839999999999,-0.741072,-0.726576,-0.7139679999999999,-0.6975519999999998,-0.683856,-0.669312,-0.660608,-0.6524959999999999,-0.640496,-0.62896,-0.617488,-0.6162880000000001,-0.6057919999999999,-0.5975520000000002,-0.5895200000000002,-0.579056,-0.574256,-0.565936,-0.556096,-0.5457919999999999,-0.543136,-0.5325920000000001,-0.53328,-0.5198719999999999,-0.514736,-0.5106719999999999,-0.503456,-0.49948799999999993
1.9403866524532982,-1.763056,-1.6517760000000001,-1.5331359999999998,-1.4295840000000004,-1.337856,-1.2612640000000002,-1.1954559999999999,-1.1370879999999999,-1.0851999999999997,-1.036656,-0.9991520000000002,-0.963168,-0.9352640000000001,-0.909744,-0.875712,-0.8532639999999999,-0.8307040000000001,-0.8087039999999999,-0.7922080000000001,-0.768016,-0.758384,-0.7414720000000001,-0.726928,-0.7144320000000001,-0.697664,-0.6843679999999999,-0.669664,-0.6609440000000001,-0.652592,-0.6410239999999999,-0.6291519999999999,-0.6177440000000002,-0.6165280000000002,-0.6060159999999999,-0.597712,-0.5898080000000001,-0.5792480000000001,-0.5745280000000001,-0.5660159999999999,-0.5562560000000001,-0.5459999999999998,-0.5432959999999999,-0.5327680000000001,-0.533408,-0.5199039999999998,-0.515056,-0.5107679999999999,-0.5035679999999999,-0.4995359999999999
2.0,-1.770832,-1.6591199999999997,-1.5396,-1.4329760000000002,-1.3424479999999996,-1.2645600000000001,-1.1977600000000002,-1.1394879999999998,-1.0869919999999997,-1.037712,-1.0007679999999999,-0.964656,-0.9363199999999999,-0.910864,-0.876304,-0.8540799999999998,-0.8311680000000001,-0.8092960000000001,-0.7928160000000001,-0.768736,-0.758656,-0.7418880000000001,-0.7272,-0.7148,-0.698064,-0.684672,-0.6698239999999999,-0.6612640000000001,-0.6529280000000002,-0.6412959999999999,-0.6293599999999999,-0.6179840000000001,-0.6168159999999999,-0.6064320000000001,-0.597952,-0.5901280000000001,-0.5794240000000002,-0.574528,-0.566288,-0.556368,-0.5462399999999998,-0.5433279999999999,-0.532896,-0.533568,-0.5201439999999998,-0.515152,-0.510832,-0.5035679999999999,-0.4996319999999999
